,topic,post_stance,author_id,num_of_agents_received,num_of_agents_not_received,num_of_spreader_agents,num_of_disinterested_agents,network_polarization,net_polarization2,network_homophily,network_homophily2,network_polarity,satisfaction,activity,user_preference,[met_stance_sim,met_modularity,met_comm_var,met_edge_rat
0,6,0.401156,102,54,46,10,44,0.423693,0.3998065426168189,-0.021517359622803284,-0.008330315103223497,0.002752,-0.004959763527508092,0.28384429025045355,0.27640318007155495,0.5472146182685639,0.5367183382699329,0.1612440206290689,0.3374340949033392
1,5,-0.40379,101,56,44,10,46,0.423126,0.3991125736789598,-0.021517359622803284,-0.008330315103223497,0.003116,-0.0066900686061026355,0.29055199865207376,0.2762378719994329,0.5472146182685639,0.5367183382699329,0.1612440206290689,0.3374340949033392
2,4,0.663538,102,57,43,10,47,0.423664,0.3996027697573912,-0.021517359622803284,-0.008330315103223497,0.002631,-0.014354636413546002,0.2928023976756267,0.27451286443488043,0.5472146182685639,0.5367183382699329,0.1612440206290689,0.3374340949033392
3,3,0.315262,101,52,48,10,42,0.424039,0.400051656441626,-0.021517359622803284,-0.008330315103223497,0.00251,-0.02035972176953306,0.2922303143818504,0.2722805950927376,0.5472146182685639,0.5367183382699329,0.1612440206290689,0.3374340949033392
4,4,-0.309874,101,53,47,10,43,0.423563,0.39938622294906745,-0.021517359622803284,-0.008330315103223497,0.002845,-0.02298513174410541,0.2977303361387205,0.2713911929660616,0.5472146182685639,0.5367183382699329,0.1612440206290689,0.3374340949033392
5,3,-0.437157,102,62,38,10,52,0.423154,0.39886336337059686,-0.021517359622803284,-0.008330315103223497,0.002975,-0.027438645417244573,0.2991619537090907,0.27112462816023647,0.5472146182685639,0.5367183382699329,0.1612440206290689,0.3374340949033392
6,2,0.478405,100,53,47,10,43,0.423791,0.3995986574882439,-0.025289091720138643,-0.008330315103223497,0.002894,-0.026566050352519657,0.3000653156502474,0.2718889530996832,0.5472146182685639,0.5367183382699329,0.1612440206290689,0.3374340949033392
7,2,-0.80554,102,62,38,10,52,0.423216,0.39902676206340737,-0.035188690177295395,-0.008330315103223497,0.002813,-0.03497587556287564,0.3032515137084999,0.2714618314168353,0.5472146182685639,0.5367183382699329,0.1612440206290689,0.3374340949033392
8,2,0.539635,100,53,47,10,43,0.423866,0.39976205618105437,-0.03529532958189007,-0.008330315103223497,0.002732,-0.03392829278779474,0.30494758749490763,0.2723255967890036,0.5472146182685639,0.5367183382699329,0.1612440206290689,0.3374340949033392
9,2,-0.764244,102,62,38,10,52,0.423305,0.3991901607562177,-0.03529532958189007,-0.008330315103223497,0.002651,-0.04335416191400832,0.3085877257082509,0.27263384296580717,0.5472146182685639,0.5367183382699329,0.1612440206290689,0.3374340949033392
10,2,-0.427428,100,72,28,11,60,0.422622,0.39832042242202287,-0.033075623132215,0.005946132710311254,0.002761,-0.04394666164586224,0.31034799075679464,0.27274056446372674,0.5472146182685639,0.5367183382699329,0.1612440206290689,0.3374340949033392
11,2,0.525412,101,81,19,12,68,0.423426,0.3991869931657133,-0.027087807260896414,0.005946132710311254,0.002873,-0.05564152948605333,0.3122443858634698,0.2701674228795619,0.5472146182685639,0.5367183382699329,0.1612440206290689,0.3374340949033392
12,4,0.384515,100,71,29,12,59,0.423994,0.3998693302349907,-0.02786937412663202,-0.0009241222500713934,0.002845,-0.05530345689705656,0.3131037722712367,0.2705805219758026,0.5472146182685639,0.5367183382699329,0.1612440206290689,0.3374340949033392
13,4,0.537389,102,61,39,9,51,0.424409,0.40033291687641126,-0.02786937412663202,-0.0009241222500713934,0.003142,-0.05172389704499924,0.32188784217414934,0.27185163085698616,0.5472146182685639,0.5367183382699329,0.1612440206290689,0.3374340949033392
14,1,-0.374259,101,65,35,11,54,0.423764,0.39951794833062365,-0.023684849325519324,-0.0009241222500713934,0.002982,-0.04565637937047312,0.32156569331728196,0.2742549428577891,0.5472146182685639,0.5367183382699329,0.1612440206290689,0.3374340949033392
15,5,-0.389475,100,73,27,12,61,0.422976,0.3986192555201662,-0.022644603286412095,0.005946132710311254,0.003225,-0.04512291562105102,0.32282376613281594,0.27533434509079885,0.5472146182685639,0.5367183382699329,0.1612440206290689,0.3374340949033392
16,3,0.495219,101,57,43,10,47,0.423481,0.3992017726963645,-0.022644603286412095,0.005946132710311254,0.003457,-0.05364598936584991,0.3241549641910684,0.2724254312647066,0.5472146182685639,0.5367183382699329,0.1612440206290689,0.3374340949033392
17,3,0.452501,101,57,43,10,47,0.424049,0.39985536746760625,-0.02351921409997113,0.005946132710311254,0.003781,-0.06270017311064881,0.32519164531179284,0.26971448854625996,0.5472146182685639,0.5367183382699329,0.1612440206290689,0.3374340949033392
18,3,-0.680786,101,57,43,10,47,0.423481,0.3992017726963645,-0.022644603286412095,0.005946132710311254,0.003457,-0.048623389222530455,0.32382582492344336,0.2740909920414056,0.5472146182685639,0.5367183382699329,0.1612440206290689,0.3374340949033392
19,2,0.400075,101,77,23,11,65,0.424063,0.3998933844544891,-0.023239298601584052,0.012545549713782729,0.00342,-0.054659178057481904,0.32155913754480253,0.2720295911109849,0.5472146182685639,0.5367183382699329,0.1612440206290689,0.3374340949033392
20,3,-0.531003,100,80,20,13,67,0.423111,0.3988312929512211,-0.01938933422856159,0.02702990567935684,0.003015,-0.05008750412004932,0.32496816025213493,0.2729256316503592,0.5472146182685639,0.5367183382699329,0.1612440206290689,0.3374340949033392
21,1,0.542249,101,70,30,12,58,0.423786,0.39956658706886816,-0.01938933422856159,0.02702990567935684,0.003096,-0.06855399881260596,0.3234505301550476,0.26963906368929147,0.5472146182685639,0.5367183382699329,0.1612440206290689,0.3374340949033392
22,4,-0.761732,102,72,28,10,60,0.423137,0.3988312929512211,-0.02051116355352329,0.02702990567935684,0.002691,-0.06443282595430731,0.3202831244713977,0.2699521884465731,0.5472146182685639,0.5367183382699329,0.1612440206290689,0.3374340949033392
23,2,-0.665281,101,62,38,9,52,0.422705,0.39829478732295404,-0.02051116355352329,0.02702990567935684,0.002575,-0.05676415402874095,0.3161652584519802,0.27157516692553746,0.5472146182685639,0.5367183382699329,0.1612440206290689,0.3374340949033392
24,3,-0.581466,100,77,23,11,65,0.421889,0.3973960945124966,-0.02051116355352329,0.02702990567935684,0.002333,-0.0563713009388966,0.3153806603937278,0.2715980004206831,0.5472146182685639,0.5367183382699329,0.1612440206290689,0.3374340949033392
25,3,-0.498934,100,77,23,11,65,0.421094,0.39650135441981094,-0.016012692389473164,0.02702990567935684,0.002086,-0.055991439063029745,0.3156159283548928,0.2725986649433368,0.5472146182685639,0.5367183382699329,0.1612440206290689,0.3374340949033392
26,3,-0.451893,100,77,23,11,65,0.420362,0.395647593018157,-0.016012692389473164,0.02702990567935684,0.001799,-0.055609834008321785,0.3174576254915484,0.2736618464158287,0.5472146182685639,0.5367183382699329,0.1612440206290689,0.3374340949033392
27,3,-0.539153,100,77,23,11,65,0.419683,0.39482687757432816,-0.018334553455672736,0.03458254449348466,0.001479,-0.055124316873555256,0.32143746381672117,0.27496937497874613,0.5472146182685639,0.5367183382699329,0.1612440206290689,0.3374340949033392
28,3,0.329062,100,77,23,11,65,0.42031,0.3955752358830539,-0.016012692389473164,0.03458254449348466,0.001779,-0.055431911441285245,0.32065830847691534,0.27491140533011,0.5472146182685639,0.5367183382699329,0.1612440206290689,0.3374340949033392
29,3,-0.456047,100,77,23,11,65,0.419632,0.39475509411831655,-0.018334553455672736,0.03458254449348466,0.001458,-0.05501341941631993,0.32127565313710954,0.2753473280589588,0.5472146182685639,0.5367183382699329,0.1612440206290689,0.3374340949033392
30,3,0.490435,100,80,20,12,67,0.420415,0.3955720875823688,-0.017456268295298002,0.02219085932099967,0.001296,-0.05225053677215989,0.3214723397473143,0.27755875326122414,0.5472146182685639,0.5367183382699329,0.1612440206290689,0.3374340949033392
31,1,0.424753,101,74,26,12,62,0.421177,0.39642780018974466,-0.015615672736617828,0.02219085932099967,0.001658,-0.059193144943680935,0.322696164019159,0.2752930922256226,0.5472146182685639,0.5367183382699329,0.1612440206290689,0.3374340949033392
32,4,-0.492923,102,80,20,12,67,0.420616,0.39572843974383975,-0.01738834923961374,0.02219085932099967,0.001613,-0.056117594386531765,0.3213466456365951,0.27649101589820096,0.5472146182685639,0.5367183382699329,0.1612440206290689,0.3374340949033392
33,1,-0.271997,101,75,25,12,63,0.41988,0.39491144627978747,-0.01738834923961374,0.02219085932099967,0.001775,-0.052796709596887745,0.32196459418028434,0.2786242480341233,0.5472146182685639,0.5367183382699329,0.1612440206290689,0.3374340949033392
34,2,0.541772,101,75,25,12,63,0.420337,0.3954953538077016,-0.01738834923961374,0.02219085932099967,0.002167,-0.06613132188113802,0.32337156893756597,0.2764809204404844,0.5472146182685639,0.5367183382699329,0.1612440206290689,0.3374340949033392
35,2,0.655408,101,75,25,12,63,0.420708,0.395985549886133,-0.01738834923961374,0.02219085932099967,0.002491,-0.08284614212115955,0.326281111222718,0.27539770122604235,0.5472146182685639,0.5367183382699329,0.1612440206290689,0.3374340949033392
36,2,0.391878,101,75,25,12,63,0.421092,0.39647574596456436,-0.017320185262133712,0.02219085932099967,0.002815,-0.09312554028189311,0.32969154811592194,0.274703768734133,0.5472146182685639,0.5367183382699329,0.1612440206290689,0.3374340949033392
37,2,0.498967,101,75,25,12,63,0.421488,0.39696594204299573,-0.017320185262133712,0.02945601716858322,0.003138,-0.10657730849926098,0.3345736564125539,0.273964406760023,0.5472146182685639,0.5367183382699329,0.1612440206290689,0.3374340949033392
38,2,0.30143,101,75,25,12,63,0.421896,0.3974561381214271,-0.017320185262133712,0.022484871789682382,0.003462,-0.11492311721555007,0.3399406508968551,0.27344672146267157,0.5472146182685639,0.5367183382699329,0.1612440206290689,0.3374340949033392
39,2,-0.314933,101,75,25,12,63,0.421273,0.3968025433501853,-0.017320185262133712,0.02945601716858322,0.003138,-0.10597411697822537,0.33974452371238906,0.27636609942383666,0.5472146182685639,0.5367183382699329,0.1612440206290689,0.3374340949033392
40,2,-0.517858,101,80,20,13,67,0.420828,0.39639404661815913,-0.019063529485237863,0.025014579221245344,0.003057,-0.09617580139030736,0.3395012761395736,0.27891862602990963,0.5472146182685639,0.5367183382699329,0.1612440206290689,0.3374340949033392
41,1,0.374259,101,74,26,12,62,0.421637,0.39725848531876984,-0.01940174377516,0.02149478202275187,0.00301,-0.10338672740047843,0.33953578487743763,0.27630838138348623,0.5472146182685639,0.5367183382699329,0.1612440206290689,0.3374340949033392
42,4,0.614694,102,75,25,10,63,0.422175,0.3979005629909189,-0.020643120881784344,0.02149478202275187,0.002837,-0.11886917124621738,0.34057178099394253,0.2738811969174669,0.5472146182685639,0.5367183382699329,0.1612440206290689,0.3374340949033392
43,2,0.322975,101,80,20,13,67,0.42263,0.39833118647001586,-0.020643120881784344,0.02149478202275187,0.002896,-0.12483641854934573,0.3403075528386027,0.27204947469524465,0.5472146182685639,0.5367183382699329,0.1612440206290689,0.3374340949033392
44,1,-0.282392,101,74,26,12,62,0.42183,0.3974783938970772,-0.02030408250597437,0.025014579221245344,0.002932,-0.11937962035239706,0.34082976157646677,0.2753415824622349,0.5472146182685639,0.5367183382699329,0.1612440206290689,0.3374340949033392
45,4,-0.668421,102,75,25,10,63,0.421287,0.39683018204034487,-0.019063529485237863,0.025014579221245344,0.003099,-0.10241857906329242,0.34011775963471924,0.2782542038214582,0.5472146182685639,0.5367183382699329,0.1612440206290689,0.3374340949033392
46,2,0.544065,101,80,20,13,67,0.42165,0.3971569794259658,-0.016925667961835773,0.025014579221245344,0.003261,-0.11271277253686307,0.3409716295376319,0.2767096407146621,0.5472146182685639,0.5367183382699329,0.1612440206290689,0.3374340949033392
47,1,0.59813,101,74,26,12,62,0.422479,0.3980497984558824,-0.01726315625079309,0.02149478202275187,0.003185,-0.12422327213233234,0.34665677400597844,0.27387853027776893,0.5472146182685639,0.5367183382699329,0.1612440206290689,0.3374340949033392
48,4,0.290726,102,75,25,10,63,0.422964,0.39862659715169546,-0.018487933686582705,0.02149478202275187,0.003004,-0.1315469107677153,0.348091371093357,0.2714361679530655,0.5472146182685639,0.5367183382699329,0.1612440206290689,0.3374340949033392
49,1,0.540113,101,67,33,12,55,0.423736,0.39943036195541404,-0.018715602057877315,0.02149478202275187,0.003017,-0.1425917515444143,0.3525822254622891,0.269389843195784,0.5472146182685639,0.5367183382699329,0.1612440206290689,0.3374340949033392
50,5,0.557188,100,75,25,12,63,0.424535,0.40032067886255945,-0.01811860924931682,0.021919099256351205,0.002944,-0.14111188762277768,0.3508785206079202,0.2703001266909296,0.5472146182685639,0.5367183382699329,0.1612440206290689,0.3374340949033392
51,2,0.632903,101,73,27,11,61,0.425139,0.4010523744235228,-0.017182663138441506,0.021919099256351205,0.002698,-0.15318851601004846,0.35730382000921185,0.26864487329287134,0.5472146182685639,0.5367183382699329,0.1612440206290689,0.3374340949033392
52,3,0.499511,101,70,30,12,58,0.425513,0.40137917180914373,-0.017182663138441506,0.021919099256351205,0.002536,-0.16460494918156948,0.36264159047291145,0.26722107086568686,0.5472146182685639,0.5367183382699329,0.1612440206290689,0.3374340949033392
53,4,0.44505,102,79,21,12,66,0.426042,0.40209330781299446,-0.021760997984301634,0.021919099256351205,0.002596,-0.16720574627973564,0.36349485260883374,0.26642467727345387,0.5472146182685639,0.5367183382699329,0.1612440206290689,0.3374340949033392
54,4,0.677365,102,79,21,12,66,0.426578,0.4027963993270607,-0.021760997984301634,0.021919099256351205,0.002645,-0.17109421759349738,0.364088661346698,0.2663512951373977,0.5472146182685639,0.5367183382699329,0.1612440206290689,0.3374340949033392
55,4,-0.412359,102,76,24,11,64,0.425965,0.4021436454766193,-0.021760997984301634,0.021919099256351205,0.002683,-0.16700391269289636,0.36306792639524155,0.2675581600703612,0.5472146182685639,0.5367183382699329,0.1612440206290689,0.3374340949033392
56,1,-0.654638,101,76,24,12,64,0.425079,0.40116325331975655,-0.021760997984301634,0.021919099256351205,0.003168,-0.1606152672734291,0.3604030885311639,0.2690120176755392,0.5472146182685639,0.5367183382699329,0.1612440206290689,0.3374340949033392
57,2,0.404836,101,73,27,11,61,0.425541,0.4017851057416133,-0.021760997984301634,0.021919099256351205,0.002975,-0.16838883934462653,0.3659870166865037,0.26801629196920435,0.5472146182685639,0.5367183382699329,0.1612440206290689,0.3374340949033392
58,3,0.640191,101,70,30,12,58,0.425922,0.4021119031272342,-0.021760997984301634,0.021919099256351205,0.002813,-0.1830723355150688,0.3700725603758241,0.2675538009233761,0.5472146182685639,0.5367183382699329,0.1612440206290689,0.3374340949033392
59,5,-0.244966,102,77,23,11,65,0.425147,0.40121321031677665,-0.01957053177711458,0.021919099256351205,0.002732,-0.18206542851609978,0.37180538711603167,0.2688150471869831,0.5472146182685639,0.5367183382699329,0.1612440206290689,0.3374340949033392
60,3,-0.33599,100,77,23,11,65,0.424488,0.40052357768936664,-0.020467595684144257,0.01991835392750495,0.002697,-0.184316021558171,0.3730254560480705,0.2679535283520317,0.5472146182685639,0.5367183382699329,0.1612440206290689,0.3374340949033392
61,3,-0.56165,100,77,23,11,65,0.423832,0.39980974102741196,-0.0190017977519485,0.01991835392750495,0.002637,-0.18808726547402854,0.37481304245583763,0.26791792086105526,0.5472146182685639,0.5367183382699329,0.1612440206290689,0.3374340949033392
62,3,0.6263,100,77,23,11,65,0.424491,0.40053051200451967,-0.020467595684144257,0.01991835392750495,0.002704,-0.1838717920597891,0.3743444405140898,0.26838712421056987,0.5472146182685639,0.5367183382699329,0.1612440206290689,0.3374340949033392
63,3,-0.213641,100,77,23,11,65,0.423851,0.39985400241943514,-0.0190017977519485,0.01991835392750495,0.002681,-0.1853062981762939,0.3748271308053521,0.267400008870764,0.5472146182685639,0.5367183382699329,0.1612440206290689,0.3374340949033392
64,3,-0.763305,100,85,15,14,70,0.423011,0.3988736102625724,-0.01882624533650836,0.01991835392750495,0.002519,-0.19267456040930364,0.3759914861451579,0.2670137101976249,0.5472146182685639,0.5367183382699329,0.1612440206290689,0.3374340949033392
65,4,-0.286084,100,75,25,11,63,0.42228,0.3980927232982915,-0.02112994263745184,0.01991835392750495,0.002393,-0.1930161041795302,0.3741269958662459,0.26764784136267333,0.5472146182685639,0.5367183382699329,0.1612440206290689,0.3374340949033392
66,2,0.563881,101,62,38,10,52,0.422723,0.39866461872312814,-0.02112994263745184,0.01991835392750495,0.00215,-0.2045168769627017,0.37684125403226537,0.266386779226751,0.5472146182685639,0.5367183382699329,0.1612440206290689,0.3374340949033392
67,2,-0.29248,100,73,27,10,61,0.422143,0.39790153184341714,-0.024005334518781927,0.01991835392750495,0.001773,-0.20155443940606743,0.38106061034294497,0.26798909192901643,0.5472146182685639,0.5367183382699329,0.1612440206290689,0.3374340949033392
68,3,0.741907,101,74,26,12,62,0.422343,0.39831002857544334,-0.024948024948024956,0.01991835392750495,0.001854,-0.20374181315202208,0.38552087636236243,0.26723627712319115,0.5472146182685639,0.5367183382699329,0.1612440206290689,0.3374340949033392
69,3,-0.767847,101,75,25,12,63,0.421899,0.3978198324970119,-0.026286478057473823,0.01991835392750495,0.001692,-0.1967439364391233,0.3809477540322653,0.2700537626895342,0.5472146182685639,0.5367183382699329,0.1612440206290689,0.3374340949033392
70,2,-0.57935,101,76,24,12,64,0.421395,0.39732963641858055,-0.02587742273441595,0.024923307692515866,0.001692,-0.17904724175735415,0.3762823676244983,0.2745465743400196,0.5472146182685639,0.5367183382699329,0.1612440206290689,0.3374340949033392
71,1,0.713105,101,69,31,11,57,0.42162,0.397493035111391,-0.02587742273441595,0.024923307692515866,0.001692,-0.19603938131506723,0.3826290986924595,0.2712223601884728,0.5472146182685639,0.5367183382699329,0.1612440206290689,0.3374340949033392
72,5,0.36473,101,81,19,13,68,0.422209,0.3981227801500857,-0.024550322930439194,0.024923307692515866,0.001878,-0.1891006603511282,0.38116193267304205,0.2746781508611496,0.5472146182685639,0.5367183382699329,0.1612440206290689,0.3374340949033392
73,5,0.054746,100,75,25,11,63,0.422785,0.39878970689599935,-0.026005285472555498,0.024923307692515866,0.002091,-0.1895966228106752,0.379890846265275,0.2747341519938357,0.5472146182685639,0.5367183382699329,0.1612440206290689,0.3374340949033392
74,2,0.617693,101,76,24,12,64,0.423295,0.3992799029744307,-0.026005285472555498,0.024923307692515866,0.002091,-0.208314608571193,0.3853841520905178,0.2703188124307289,0.5472146182685639,0.5367183382699329,0.1612440206290689,0.3374340949033392
75,1,0.529767,101,69,31,11,57,0.423536,0.39944330166724124,-0.024873184173992667,0.024923307692515866,0.002091,-0.22091809962836664,0.3914831492675106,0.2678781722886598,0.5472146182685639,0.5367183382699329,0.1612440206290689,0.3374340949033392
76,5,-0.549826,101,81,19,13,68,0.422959,0.3988256601081085,-0.024743319455966688,0.024923307692515866,0.001894,-0.23165753383779802,0.39193526699058423,0.26398301341209945,0.5472146182685639,0.5367183382699329,0.1612440206290689,0.3374340949033392
77,5,-0.411094,100,75,25,11,63,0.422292,0.39801078477641405,-0.024743319455966688,0.024923307692515866,0.001572,-0.22791629977630937,0.3929760708740792,0.2656117322470509,0.5472146182685639,0.5367183382699329,0.1612440206290689,0.3374340949033392
78,2,0.449838,101,76,24,12,64,0.422673,0.3984192815084402,-0.024743319455966688,0.020026780774504253,0.001653,-0.241656939846428,0.4007231717529117,0.26184908710141985,0.5472146182685639,0.5367183382699329,0.1612440206290689,0.3374340949033392
79,2,0.272841,101,75,25,12,63,0.423054,0.39881427679309245,-0.026342866163177058,0.020026780774504253,0.001747,-0.24852006583348304,0.40923722694515047,0.2590959306546062,0.5472146182685639,0.5367183382699329,0.1612440206290689,0.3374340949033392
80,2,0.442166,101,77,23,10,65,0.423428,0.3992457699295131,-0.026279921868978276,0.018062206640936485,0.001967,-0.25932091512690264,0.416349060925733,0.25673580195989204,0.5472146182685639,0.5367183382699329,0.1612440206290689,0.3374340949033392
81,3,-0.665592,100,81,19,13,68,0.422715,0.39842877646546077,-0.026279921868978276,0.018062206640936485,0.001644,-0.25541174684211304,0.4211643182072863,0.2583961873967853,0.5472146182685639,0.5367183382699329,0.1612440206290689,0.3374340949033392
82,4,-0.258244,100,84,16,13,70,0.422074,0.39761178300140854,-0.02341314833316499,0.018062206640936485,0.00132,-0.25293610353420737,0.4177778317995194,0.25900382758402524,0.5472146182685639,0.5367183382699329,0.1612440206290689,0.3374340949033392
83,2,-0.783994,102,77,23,12,65,0.42145,0.3967947895373562,-0.026168423772319576,0.018062206640936485,0.001805,-0.2683897953800234,0.42081846189660665,0.2573464420257728,0.5472146182685639,0.5367183382699329,0.1612440206290689,0.3374340949033392
84,3,-0.746354,100,81,19,13,68,0.420766,0.39597779607330397,-0.026168423772319576,0.018062206640936485,0.001482,-0.2641227470443784,0.4254824842267038,0.2590214886277145,0.5472146182685639,0.5367183382699329,0.1612440206290689,0.3374340949033392
85,4,-0.499824,100,84,16,13,70,0.420154,0.3951608026092516,-0.026168423772319576,0.01006737436464879,0.001158,-0.25907125290429517,0.42340590267330575,0.25946165166516255,0.5472146182685639,0.5367183382699329,0.1612440206290689,0.3374340949033392
86,2,-0.694017,102,77,23,12,65,0.419547,0.39434380914519934,-0.026168423772319576,0.01006737436464879,0.001644,-0.2724926762399401,0.427368151216995,0.2587236424955727,0.5472146182685639,0.5367183382699329,0.1612440206290689,0.3374340949033392
87,3,0.714531,100,81,19,13,68,0.420217,0.3951608026092517,-0.026168423772319576,0.01006737436464879,0.001967,-0.27646629262921424,0.42542293998747976,0.2570372240489708,0.5472146182685639,0.5367183382699329,0.1612440206290689,0.3374340949033392
88,4,-0.281336,100,84,16,13,70,0.419608,0.3943438091451994,-0.026168423772319576,0.01006737436464879,0.001644,-0.2734766304701759,0.42529171571563523,0.2578479985982079,0.5472146182685639,0.5367183382699329,0.1612440206290689,0.3374340949033392
89,2,-0.419458,102,77,23,12,65,0.419016,0.3935268156811471,-0.018260701491669088,0.01006737436464879,0.002129,-0.28143207221774874,0.4296672924146643,0.2574391892609254,0.5472146182685639,0.5367183382699329,0.1612440206290689,0.3374340949033392
90,3,-0.431405,100,81,19,12,68,0.418539,0.39291012296238104,-0.01938504771945504,0.009513653501923248,0.001842,-0.2814527967219096,0.43442191668650904,0.25936034108131384,0.5472146182685639,0.5367183382699329,0.1612440206290689,0.3374340949033392
91,4,-0.239814,100,81,19,12,68,0.418071,0.39227998614394766,-0.01938504771945504,0.009513653501923248,0.00174,-0.2826518289930608,0.4327466691136934,0.25974708937650565,0.5472146182685639,0.5367183382699329,0.1612440206290689,0.3374340949033392
92,4,-0.768352,100,83,17,13,67,0.417366,0.39140433811217157,-0.01480629160853284,0.009513653501923248,0.001798,-0.2819319685746604,0.43541824095835374,0.2606366201670743,0.5472146182685639,0.5367183382699329,0.1612440206290689,0.3374340949033392
93,5,0.279981,102,75,25,11,63,0.41805,0.392159209485739,-0.01480629160853284,0.009513653501923248,0.001413,-0.28709901074294525,0.4374898331913633,0.25889021388875716,0.5472146182685639,0.5367183382699329,0.1612440206290689,0.3374340949033392
94,2,0.388848,101,82,18,12,68,0.418545,0.39264940556417033,-0.01628259534364164,0.009513653501923248,0.001413,-0.29672124150885676,0.4376499399874799,0.2559924837916698,0.5472146182685639,0.5367183382699329,0.1612440206290689,0.3374340949033392
95,5,-0.337417,102,75,25,11,63,0.417856,0.3918905181177942,-0.01628259534364164,0.009513653501923248,0.001794,-0.2903043225929992,0.43969896523019836,0.2582838381606018,0.5472146182685639,0.5367183382699329,0.1612440206290689,0.3374340949033392
96,2,-0.673964,101,83,17,13,69,0.417321,0.3913186226929576,-0.012487544806346017,0.009513653501923248,0.001551,-0.26887552197503023,0.4409732885311692,0.2629883679340646,0.5472146182685639,0.5367183382699329,0.1612440206290689,0.3374340949033392
97,6,0.543647,102,62,38,9,52,0.417768,0.39179831353110234,-0.012487544806346017,0.009513653501923248,0.001747,-0.2681493758369505,0.4497689856185479,0.2639116836837949,0.5472146182685639,0.5367183382699329,0.1612440206290689,0.3374340949033392
98,2,-0.728241,100,85,15,14,71,0.416963,0.39096280427334484,-0.011272385517431115,0.009513653501923248,0.001405,-0.2775620506485547,0.4570261540713151,0.2638492143818994,0.5472146182685639,0.5367183382699329,0.1612440206290689,0.3374340949033392
99,4,-0.632053,100,81,19,12,68,0.416513,0.3903208087772819,-0.011272385517431115,0.020385073842859217,0.00135,-0.2806933469199371,0.4555797385373344,0.26423626958300894,0.5472146182685639,0.5367183382699329,0.1612440206290689,0.3374340949033392
100,4,-0.313379,100,75,25,11,63,0.415985,0.3896672140060401,-0.015780092077876135,0.025493611069012333,0.00135,-0.28273953707250293,0.4550368249451014,0.2638092720217515,0.5472146182685639,0.5367183382699329,0.1612440206290689,0.3374340949033392
101,2,0.39436,101,75,25,12,63,0.416534,0.39020879408178855,-0.012233072608618119,0.025493611069012333,0.001324,-0.29370048349645117,0.4588803554270752,0.26146143813825634,0.5472146182685639,0.5367183382699329,0.1612440206290689,0.3374340949033392
102,1,-0.759611,101,72,28,12,60,0.415804,0.3893918006177363,-0.012233072608618119,0.030831360123000355,0.001324,-0.2811786899319574,0.4554227616791627,0.26383050075961556,0.5472146182685639,0.5367183382699329,0.1612440206290689,0.3374340949033392
103,3,0.352271,101,83,17,12,69,0.416097,0.3897993333994413,-0.007261716942427299,0.025493611069012333,0.001721,-0.2858238404347313,0.45741309080537634,0.2627432056948906,0.5472146182685639,0.5367183382699329,0.1612440206290689,0.3374340949033392
104,6,0.517069,102,81,19,11,68,0.416647,0.3904529281706831,-0.01071835803876853,0.025493611069012333,0.001721,-0.2967750073086718,0.4614852383781918,0.26092908644385043,0.5472146182685639,0.5367183382699329,0.1612440206290689,0.3374340949033392
105,6,0.506761,100,73,27,11,61,0.417211,0.39116684328560103,-0.005006086510577039,0.025493611069012333,0.001985,-0.29071334810848687,0.4635319558539201,0.2642628578261898,0.5472146182685639,0.5367183382699329,0.1612440206290689,0.3374340949033392
106,4,-0.607968,101,78,22,11,65,0.416551,0.39034984982154874,-0.005897376533363493,0.0284702449527363,0.002146,-0.2935436189730269,0.46800931823020636,0.26347634164496003,0.5472146182685639,0.5367183382699329,0.1612440206290689,0.3374340949033392
107,6,-0.623921,101,70,30,12,58,0.416194,0.3900539246323004,-0.005897376533363493,0.0284702449527363,0.002087,-0.3116475152837065,0.47234746680704154,0.2600072974702027,0.5472146182685639,0.5367183382699329,0.1612440206290689,0.3374340949033392
108,6,0.540991,102,81,19,11,68,0.416761,0.39070751940354215,-0.010799199246780094,0.03168013982958252,0.002087,-0.3232214086255157,0.4762722891371386,0.2588139759148323,0.5472146182685639,0.5367183382699329,0.1612440206290689,0.3374340949033392
109,6,0.375491,100,73,27,11,61,0.417343,0.3914249206724162,-0.010799199246780094,0.021413910160258936,0.002347,-0.3187516480614843,0.47834641674844963,0.26194777089865107,0.5472146182685639,0.5367183382699329,0.1612440206290689,0.3374340949033392
110,4,-0.489089,101,72,28,11,60,0.417028,0.3911192190096373,-0.010832135035483331,0.02024393790238192,0.002326,-0.32916298400808625,0.4819637837387409,0.258923988568554,0.5472146182685639,0.5367183382699329,0.1612440206290689,0.3374340949033392
111,4,-0.278223,101,72,28,11,60,0.416707,0.3908044221514211,-0.010832135035483331,0.02024393790238192,0.002315,-0.33494161715533544,0.4838788066804173,0.257098815432731,0.5472146182685639,0.5367183382699329,0.1612440206290689,0.3374340949033392
112,4,0.567581,101,72,28,11,60,0.417012,0.39110673828344544,-0.010832135035483331,0.02024393790238192,0.002339,-0.3234389144692513,0.4797919125056601,0.26070378083726176,0.5472146182685639,0.5367183382699329,0.1612440206290689,0.3374340949033392
113,3,0.599916,101,76,24,11,64,0.417667,0.3915969343618768,-0.010832135035483331,0.02024393790238192,0.002339,-0.3298540964676331,0.48471089794255323,0.2598112348825692,0.5472146182685639,0.5367183382699329,0.1612440206290689,0.3374340949033392
114,1,-0.345008,100,77,23,11,65,0.417011,0.390847004569603,0.004036389881403193,0.02024393790238192,0.002111,-0.3264065293594501,0.48845072512701937,0.262676440222375,0.5472146182685639,0.5367183382699329,0.1612440206290689,0.3374340949033392
115,3,0.588899,100,76,24,11,64,0.417503,0.3913565182708576,-0.005579811293138227,0.02024393790238192,0.002253,-0.3258363671888537,0.4878824027969222,0.26240836061072453,0.5472146182685639,0.5367183382699329,0.1612440206290689,0.3374340949033392
116,1,-0.610333,101,74,26,12,62,0.416602,0.3904578254604001,-0.005382407949402521,0.02024393790238192,0.002334,-0.31403730409554187,0.48662665619498047,0.2645855493555088,0.5472146182685639,0.5367183382699329,0.1612440206290689,0.3374340949033392
117,4,0.179951,101,72,28,11,60,0.416935,0.3907768609797342,-0.006213970202889889,0.02024393790238192,0.002342,-0.3102963488042798,0.48253710085517465,0.267101524792402,0.5472146182685639,0.5367183382699329,0.1612440206290689,0.3374340949033392
118,3,-0.417851,101,76,24,11,64,0.416279,0.3902866649013028,-0.006213970202889889,0.02024393790238192,0.002342,-0.3056674876796843,0.47781874066099983,0.2686030401645703,0.5472146182685639,0.5367183382699329,0.1612440206290689,0.3374340949033392
119,1,-0.381887,100,77,23,11,65,0.415642,0.3895582629192166,0.0038972520015439316,0.02024393790238192,0.002092,-0.30224717531349066,0.4819000226951928,0.27071233951732115,0.5472146182685639,0.5367183382699329,0.1612440206290689,0.3374340949033392
120,4,-0.36623,100,81,19,11,68,0.414773,0.3886684439071108,0.004224907139504046,0.0203618447041248,0.001697,-0.3022166045529729,0.4781828955107267,0.27078598508366414,0.5472146182685639,0.5367183382699329,0.1612440206290689,0.3374340949033392
121,6,0.770056,100,76,24,10,64,0.415346,0.3892549305673664,0.004224907139504046,0.0203618447041248,0.001954,-0.28475261107400845,0.4834354071884999,0.27311918579563826,0.5472146182685639,0.5367183382699329,0.1612440206290689,0.3374340949033392
122,1,0.593883,100,73,27,9,61,0.415868,0.38981610786214144,-0.0008934630376668752,0.0203618447041248,0.002369,-0.29380412664035155,0.4781170285477231,0.2697211275432111,0.5472146182685639,0.5367183382699329,0.1612440206290689,0.3374340949033392
123,3,-0.796554,101,75,25,11,63,0.415602,0.38948931047652047,-0.0008934630376668752,0.0203618447041248,0.002369,-0.28109164482805377,0.4791898411690823,0.27353514365971593,0.5472146182685639,0.5367183382699329,0.1612440206290689,0.3374340949033392
124,1,0.679656,101,76,24,11,64,0.416052,0.3898161078621415,-0.0010906336241092527,0.0203618447041248,0.002693,-0.30254085121963953,0.4789263897127717,0.27114671420987774,0.5472146182685639,0.5367183382699329,0.1612440206290689,0.3374340949033392
125,1,-0.430195,100,73,27,9,61,0.415506,0.38922596301436363,0.0040293569988877455,0.0203618447041248,0.002306,-0.29575443471478513,0.48385880718849983,0.27458773000275793,0.5472146182685639,0.5367183382699329,0.1612440206290689,0.3374340949033392
126,3,0.708582,101,75,25,11,63,0.41577,0.38955276039998454,0.0040293569988877455,0.0203618447041248,0.002306,-0.30683363631672694,0.48291245670306293,0.2713050890318842,0.5472146182685639,0.5367183382699329,0.1612440206290689,0.3374340949033392
127,3,-0.545473,101,75,25,11,63,0.415489,0.3892028984846131,0.0040293569988877455,0.0203618447041248,0.0023,-0.2981282463005457,0.4836693887418979,0.2744950454396512,0.5472146182685639,0.5367183382699329,0.1612440206290689,0.3374340949033392
128,1,0.443753,101,76,24,11,64,0.41582,0.3894400040071997,0.0040293569988877455,0.0203618447041248,0.002697,-0.31209670974714754,0.4836072625283057,0.2729127577373858,0.5472146182685639,0.5367183382699329,0.1612440206290689,0.3374340949033392
129,1,0.444408,100,73,27,9,61,0.416388,0.3900576247587144,-0.0010906336241092527,0.0203618447041248,0.003056,-0.3189994774494128,0.4784121615574319,0.26956252013683535,0.5472146182685639,0.5367183382699329,0.1612440206290689,0.3374340949033392
130,4,0.408438,101,90,10,16,74,0.417259,0.39089396576838165,-0.0007053426597281393,0.019808185357515867,0.003361,-0.31062776145731436,0.4759808683535483,0.2732549872889389,0.5472146182685639,0.5367183382699329,0.1612440206290689,0.3374340949033392
131,6,0.773499,100,84,16,12,70,0.418014,0.3917074465044725,-0.005292507278749987,0.019808185357515867,0.003041,-0.31225107582624645,0.47396284796519883,0.273454058000913,0.5472146182685639,0.5367183382699329,0.1612440206290689,0.3374340949033392
132,6,0.418101,102,73,27,12,61,0.418523,0.3922605477537617,-0.005421032325283301,0.019808185357515867,0.003203,-0.3188274710366024,0.47842269262539305,0.27184423664168966,0.5472146182685639,0.5367183382699329,0.1612440206290689,0.3374340949033392
133,6,-0.490888,101,73,27,11,61,0.417927,0.39156407506146396,-0.005421032325283301,0.019808185357515867,0.003245,-0.3288164944832044,0.48298224311082993,0.2694972290365117,0.5472146182685639,0.5367183382699329,0.1612440206290689,0.3374340949033392
134,6,-0.692087,101,68,32,11,55,0.417353,0.39099217963662747,-0.008459447866627987,0.019808185357515867,0.003326,-0.33782821479064773,0.48911945476131535,0.26807917112033286,0.5472146182685639,0.5367183382699329,0.1612440206290689,0.3374340949033392
135,4,0.430791,102,76,24,11,64,0.417879,0.3916457744078692,-0.008459447866627987,0.019808185357515867,0.00365,-0.33842251920195926,0.4945800557321891,0.26818149572042527,0.5472146182685639,0.5367183382699329,0.1612440206290689,0.3374340949033392
136,1,-0.722077,100,77,23,10,65,0.417423,0.3910965775250809,-0.003862214990099404,0.019808185357515867,0.003223,-0.3296250363864252,0.49658057029529584,0.26933455102786863,0.5472146182685639,0.5367183382699329,0.1612440206290689,0.3374340949033392
137,4,0.265415,100,81,19,12,68,0.418042,0.39187085563744184,-0.008459447866627987,0.019808185357515867,0.003265,-0.33201638355471,0.4949259411690823,0.2698356314485806,0.5472146182685639,0.5367183382699329,0.1612440206290689,0.3374340949033392
138,6,-0.40578,100,77,23,11,65,0.417633,0.3912989602126053,-0.003862214990099404,0.019808185357515867,0.003184,-0.3285384286679786,0.49672824213995614,0.2707956117074803,0.5472146182685639,0.5367183382699329,0.1612440206290689,0.3374340949033392
139,4,0.580281,100,81,19,12,68,0.418188,0.3920342543302523,-0.008459447866627987,0.019808185357515867,0.003265,-0.33396787331199146,0.4936714935962667,0.2707071384065094,0.5472146182685639,0.5367183382699329,0.1612440206290689,0.3374340949033392
140,6,0.512603,100,84,16,14,70,0.418814,0.3928622664508095,-0.0104475750277132,0.014961719312349811,0.003438,-0.3335086954479139,0.4956426372855872,0.27209884348741553,0.5472146182685639,0.5367183382699329,0.1612440206290689,0.3374340949033392
141,4,0.63271,102,80,20,12,67,0.419341,0.3933763141394477,-0.007435903285872477,0.014961719312349811,0.0033,-0.3461393700819098,0.5006245033050046,0.2700468634712343,0.5472146182685639,0.5367183382699329,0.1612440206290689,0.3374340949033392
142,1,-0.445477,101,81,19,12,68,0.418895,0.39291881624197583,-0.007435903285872477,0.014961719312349811,0.003106,-0.33372129461265415,0.4969128868001503,0.27309156929647704,0.5472146182685639,0.5367183382699329,0.1612440206290689,0.3374340949033392
143,6,-0.467949,100,84,16,14,70,0.418186,0.39201006463568,-0.005149720101068298,0.014961719312349811,0.002853,-0.3341404718780263,0.49560416349917935,0.27189088903757735,0.5472146182685639,0.5367183382699329,0.1612440206290689,0.3374340949033392
144,4,-0.505706,102,80,20,12,67,0.417558,0.3914507518451261,-0.008562355445591441,0.014961719312349811,0.003108,-0.32383239906480393,0.4921514081593736,0.27497344542916313,0.5472146182685639,0.5367183382699329,0.1612440206290689,0.3374340949033392
145,1,-0.676257,101,81,19,12,68,0.417084,0.39096786894499364,-0.008562355445591441,0.014961719312349811,0.002939,-0.3052109164434448,0.48713083437296584,0.27808657722527963,0.5472146182685639,0.5367183382699329,0.1612440206290689,0.3374340949033392
146,6,0.416611,100,84,16,14,70,0.417793,0.3918755170116516,-0.010859574228766357,0.014961719312349811,0.003191,-0.30483772675088816,0.4888592372855871,0.27931530229000456,0.5472146182685639,0.5367183382699329,0.1612440206290689,0.3374340949033392
147,4,-0.581244,102,80,20,12,67,0.417139,0.3912817101759104,-0.010859574228766357,0.014961719312349811,0.003412,-0.29330499548567013,0.48428695281956774,0.2824044523709107,0.5472146182685639,0.5367183382699329,0.1612440206290689,0.3374340949033392
148,1,-0.44065,101,81,19,12,68,0.416717,0.3908247432562325,-0.010859574228766357,0.014961719312349811,0.003217,-0.28132093946625264,0.479170046994325,0.2854477271281923,0.5472146182685639,0.5367183382699329,0.1612440206290689,0.3374340949033392
149,6,-0.358627,100,84,16,14,70,0.416009,0.38991834157120414,-0.008562355445591441,0.014961719312349811,0.002967,-0.28164219003259566,0.47765573146034435,0.284187326545668,0.5472146182685639,0.5367183382699329,0.1612440206290689,0.3374340949033392
150,6,0.485997,102,80,20,13,67,0.416661,0.3906315308324073,-0.007779020345535307,0.007755314216671198,0.003187,-0.2918617884560816,0.4804008120428687,0.2820443026298104,0.5472146182685639,0.5367183382699329,0.1612440206290689,0.3374340949033392
151,1,-0.493919,101,77,23,12,65,0.416199,0.3901706935543114,-0.007834252381728378,0.007755314216671198,0.002996,-0.27655496760541126,0.47582044116908234,0.2850773758614331,0.5472146182685639,0.5367183382699329,0.1612440206290689,0.3374340949033392
152,6,-0.358603,100,72,28,9,60,0.415649,0.3895170987830695,-0.009479280199519468,0.007755314216671198,0.002835,-0.27445362701826376,0.4743874751496648,0.28524435158958844,0.5472146182685639,0.5367183382699329,0.1612440206290689,0.3374340949033392
153,5,0.488439,101,86,14,13,71,0.416054,0.3901152247168816,-0.007834252381728378,0.007755314216671198,0.0029,-0.26842802759385315,0.4724717489360726,0.28792669362842344,0.5472146182685639,0.5367183382699329,0.1612440206290689,0.3374340949033392
154,1,-0.865494,102,67,33,11,55,0.415294,0.3894337128662714,-0.0032829802652704133,0.007755314216671198,0.003034,-0.28299718892071407,0.47768633949147327,0.2868895018808506,0.5472146182685639,0.5367183382699329,0.1612440206290689,0.3374340949033392
155,6,-0.509285,100,72,28,9,60,0.414755,0.38878011809502955,-0.009479280199519468,0.007755314216671198,0.002872,-0.2798892689438301,0.47672577055943444,0.287305179057715,0.5472146182685639,0.5367183382699329,0.1612440206290689,0.3374340949033392
156,1,-0.772489,101,77,23,12,65,0.414316,0.388335839309812,-0.01101893094791576,0.007755314216671198,0.002665,-0.25635261653513847,0.47335486958856055,0.290365490430808,0.5472146182685639,0.5367183382699329,0.1612440206290689,0.3374340949033392
157,6,0.319744,100,72,28,9,60,0.414856,0.38898943408105385,-0.00549511301750326,0.007755314216671198,0.002827,-0.25838146679866136,0.4740186472584636,0.2902166086832352,0.5472146182685639,0.5367183382699329,0.1612440206290689,0.3374340949033392
158,5,-0.740535,101,86,14,13,71,0.41435,0.38828780220984443,-0.01101893094791576,0.007755314216671198,0.002724,-0.26762720268631734,0.4760013249283665,0.2888005260133323,0.5472146182685639,0.5367183382699329,0.1612440206290689,0.3374340949033392
159,1,-0.66308,102,67,33,11,55,0.413655,0.38766119174052427,-0.012298063690470967,0.007755314216671198,0.002912,-0.27818553601965074,0.4796485950725535,0.2882350627983346,0.5472146182685639,0.5367183382699329,0.1612440206290689,0.3374340949033392
160,5,-0.471457,100,80,20,11,67,0.413249,0.3871709956620929,-0.018225867086228257,0.005528086244629901,0.002912,-0.27562353872191614,0.47980798730556307,0.2892198738015709,0.5472146182685639,0.5367183382699329,0.1612440206290689,0.3374340949033392
161,1,-0.279279,101,72,28,12,60,0.412972,0.3867889575737473,-0.018225867086228257,0.005528086244629901,0.00294,-0.2703531537265393,0.47960227371333025,0.29262837477244463,0.5472146182685639,0.5367183382699329,0.1612440206290689,0.3374340949033392
162,5,-0.410225,101,89,11,14,73,0.412562,0.38634881517504494,-0.018225867086228257,0.0076511434560124275,0.002835,-0.2743978626400853,0.4783240368201262,0.2895716012449365,0.5472146182685639,0.5367183382699329,0.1612440206290689,0.3374340949033392
163,1,-0.648225,100,80,20,11,67,0.412265,0.3859633089703962,-0.018225867086228257,0.0076511434560124275,0.002939,-0.26761377890222127,0.4767027921599322,0.28998585990189446,0.5472146182685639,0.5367183382699329,0.1612440206290689,0.3374340949033392
164,1,-0.512993,101,72,28,12,60,0.412005,0.3855889149160751,-0.02098842414382907,0.0076511434560124275,0.002966,-0.2579818308509036,0.4766649028395437,0.2934723336883022,0.5472146182685639,0.5367183382699329,0.1612440206290689,0.3374340949033392
165,5,-0.342023,101,89,11,14,73,0.411618,0.38515403368319223,-0.02098842414382907,0.0076511434560124275,0.002865,-0.2613943719327344,0.47587755817934957,0.29147944860332553,0.5472146182685639,0.5367183382699329,0.1612440206290689,0.3374340949033392
166,1,-0.367923,100,80,20,11,67,0.411329,0.38475858607871255,-0.02643586687193529,0.0076511434560124275,0.002959,-0.25743070770943344,0.475379015460903,0.2925409054803483,0.5472146182685639,0.5367183382699329,0.1612440206290689,0.3374340949033392
167,1,-0.624952,101,72,28,12,60,0.411125,0.38443943294834826,-0.02643586687193529,0.0076511434560124275,0.002964,-0.24576343050185134,0.4753553482663903,0.2958072442373861,0.5472146182685639,0.5367183382699329,0.1612440206290689,0.3374340949033392
168,5,0.129659,101,89,11,14,73,0.411459,0.38483343159413286,-0.02643586687193529,0.0076511434560124275,0.003047,-0.24445388386985872,0.4757998134093367,0.29738739960724275,0.5472146182685639,0.5367183382699329,0.1612440206290689,0.3374340949033392
169,6,-0.537536,100,77,23,11,65,0.410822,0.38409813747648575,-0.02643586687193529,0.0076511434560124275,0.002966,-0.24124643425820821,0.4770450153510844,0.29705016530303563,0.5472146182685639,0.5367183382699329,0.1612440206290689,0.3374340949033392
170,6,0.579889,100,87,13,14,72,0.411467,0.3849151309405381,-0.025686359311478252,0.0023245264570596613,0.003128,-0.24602244555270664,0.4756512405938027,0.2961314158855599,0.5472146182685639,0.5367183382699329,0.1612440206290689,0.3374340949033392
171,6,0.577249,100,90,10,15,74,0.412306,0.38589552309740077,-0.018784480638893975,0.0023245264570596613,0.003452,-0.2507791080607973,0.47681610170616545,0.29564525135481556,0.5472146182685639,0.5367183382699329,0.1612440206290689,0.3374340949033392
172,6,0.346606,100,87,13,14,72,0.412874,0.38653032991260067,-0.017548220493752997,0.0023245264570596613,0.003632,-0.24118939406403347,0.4813176864908492,0.2972704295101554,0.5472146182685639,0.5367183382699329,0.1612440206290689,0.3374340949033392
173,6,-0.45673,100,85,15,14,71,0.412073,0.38571333644854844,-0.023648607740330643,0.0023245264570596613,0.00347,-0.2378538494963035,0.4819346719277425,0.2975665828165932,0.5472146182685639,0.5367183382699329,0.1612440206290689,0.3374340949033392
174,6,0.445915,100,87,13,14,72,0.412727,0.38644863056619544,-0.017831088979326847,0.0023245264570596613,0.003713,-0.22539021773254944,0.48456158163648033,0.29950058262241847,0.5472146182685639,0.5367183382699329,0.1612440206290689,0.3374340949033392
175,6,0.624517,100,85,15,14,71,0.413403,0.38710222533743727,-0.017548220493752997,0.0023245264570596613,0.003875,-0.22974180032154623,0.48483587219516755,0.2997326827195058,0.5472146182685639,0.5367183382699329,0.1612440206290689,0.3374340949033392
176,6,0.44737,100,85,15,14,71,0.414035,0.38769622561871775,-0.014070713467534563,0.0023245264570596613,0.003978,-0.23304517730721427,0.48608732749667916,0.30087663207304005,0.5472146182685639,0.5367183382699329,0.1612440206290689,0.3374340949033392
177,6,-0.330147,100,85,15,14,71,0.413213,0.38687923215466546,-0.02084478413722299,0.0023245264570596613,0.003816,-0.2304532978435064,0.4864858964287179,0.3009947310698038,0.5472146182685639,0.5367183382699329,0.1612440206290689,0.3374340949033392
178,6,-0.591183,100,85,15,14,71,0.412409,0.3860622386906131,-0.021128939956881122,0.0023245264570596613,0.003654,-0.22605809694429244,0.48729389254522265,0.3008009302931048,0.5472146182685639,0.5367183382699329,0.1612440206290689,0.3374340949033392
179,6,0.608069,100,85,15,14,71,0.413213,0.38687923215466546,-0.02084478413722299,0.0023245264570596613,0.003816,-0.23032582811627575,0.48646281681706743,0.30101413272028926,0.5472146182685639,0.5367183382699329,0.1612440206290689,0.3374340949033392
180,6,-0.767998,100,76,24,11,64,0.412868,0.38655243476904455,-0.02031219768373919,0.0042903756248490015,0.003816,-0.24137832666732015,0.4870499119626984,0.3013434781821899,0.5472146182685639,0.5367183382699329,0.1612440206290689,0.3374340949033392
181,5,0.437572,100,81,19,13,68,0.413256,0.3869655564280199,-0.02031219768373919,0.0042903756248490015,0.003901,-0.2395650084781469,0.48751571099182467,0.30254191198624986,0.5472146182685639,0.5367183382699329,0.1612440206290689,0.3374340949033392
182,5,-0.314838,100,81,19,13,68,0.412752,0.38647536034958846,-0.02031219768373919,0.0042903756248490015,0.00374,-0.24106075409450464,0.4871438838073586,0.3015543992986947,0.5472146182685639,0.5367183382699329,0.1612440206290689,0.3374340949033392
183,5,-0.595099,100,81,19,13,68,0.412261,0.38598516427115703,-0.016917804304870308,0.0042903756248490015,0.003578,-0.24352686819423988,0.48673494982677606,0.3012955266633349,0.5472146182685639,0.5367183382699329,0.1612440206290689,0.3374340949033392
184,5,0.56841,100,81,19,13,68,0.412752,0.38647536034958846,-0.02031219768373919,0.0042903756248490015,0.00374,-0.24151626520806743,0.48718010613745566,0.3024520459925494,0.5472146182685639,0.5367183382699329,0.1612440206290689,0.3374340949033392
185,5,-0.429461,100,81,19,13,68,0.412261,0.38598516427115703,-0.016917804304870308,0.0042903756248490015,0.003578,-0.24329596708361906,0.4867049449724072,0.3013550227577745,0.5472146182685639,0.5367183382699329,0.1612440206290689,0.3374340949033392
186,5,-0.433237,100,81,19,13,68,0.411782,0.38549496819272566,-0.016917804304870308,0.0042903756248490015,0.003416,-0.24482843314716712,0.48623414303065954,0.30176150960684767,0.5472146182685639,0.5367183382699329,0.1612440206290689,0.3374340949033392
187,5,0.612243,100,81,19,13,68,0.412261,0.38598516427115703,-0.016917804304870308,0.0042903756248490015,0.003578,-0.24303428754551964,0.48697339934133926,0.30293234517613277,0.5472146182685639,0.5367183382699329,0.1612440206290689,0.3374340949033392
188,5,0.375914,100,81,19,13,68,0.412752,0.38647536034958846,-0.02031219768373919,0.0042903756248490015,0.00374,-0.24170458853110363,0.4874509236131838,0.30390749281514423,0.5472146182685639,0.5367183382699329,0.1612440206290689,0.3374340949033392
189,5,0.470685,100,81,19,13,68,0.413256,0.3869655564280199,-0.02031219768373919,0.0042903756248490015,0.003901,-0.23975404936517242,0.48787850128308685,0.3050320948451531,0.5472146182685639,0.5367183382699329,0.1612440206290689,0.3374340949033392
190,5,-0.553273,100,84,16,14,70,0.412621,0.38619986244417615,-0.02105126675829163,0.00980396718672202,0.004276,-0.23552540616496653,0.4914456507976499,0.3071234857395338,0.5472146182685639,0.5367183382699329,0.1612440206290689,0.3374340949033392
191,5,0.460099,102,81,19,12,68,0.413293,0.3868488847945304,-0.02105126675829163,0.00980396718672202,0.004119,-0.24800303199598825,0.49267882264231017,0.30391945879200716,0.5472146182685639,0.5367183382699329,0.1612440206290689,0.3374340949033392
192,5,0.492148,100,84,16,14,70,0.413927,0.387611220202493,-0.020767154160171178,0.004785294772751138,0.003741,-0.2515705313193186,0.4894381595355141,0.302298375326282,0.5472146182685639,0.5367183382699329,0.1612440206290689,0.3374340949033392
193,5,-0.416603,102,81,19,12,68,0.413253,0.3869617656456825,-0.020767154160171178,0.004785294772751138,0.003898,-0.2400011847948156,0.4881270740986209,0.30574054212586593,0.5472146182685639,0.5367183382699329,0.1612440206290689,0.3374340949033392
194,5,-0.512717,100,84,16,14,70,0.41262,0.38619830003710115,-0.02105126675829163,0.00980396718672202,0.004275,-0.23608262721170292,0.49174901875881494,0.3077852606313087,0.5472146182685639,0.5367183382699329,0.1612440206290689,0.3374340949033392
195,5,0.532184,102,81,19,12,68,0.413292,0.3868466060126045,-0.02105126675829163,0.00980396718672202,0.004119,-0.250515395360108,0.49412571293357227,0.3045118859780493,0.5472146182685639,0.5367183382699329,0.1612440206290689,0.3374340949033392
196,5,-0.516847,100,84,16,14,70,0.412671,0.38608291345451984,-0.01765623375272955,0.00980396718672202,0.004495,-0.24676917943262922,0.49749074691415474,0.30651424976151503,0.5472146182685639,0.5367183382699329,0.1612440206290689,0.3374340949033392
197,5,-0.411853,102,81,19,12,68,0.412,0.38543341170782075,-0.01765623375272955,0.00980396718672202,0.004653,-0.2356257603907892,0.4953065750694946,0.30974244024348446,0.5472146182685639,0.5367183382699329,0.1612440206290689,0.3374340949033392
