,topic,post_stance,author_id,num_of_agents_received,num_of_agents_not_received,num_of_spreader_agents,num_of_disinterested_agents,network_polarization,net_polarization2,network_homophily,network_homophily2,network_polarity,satisfaction,activity,user_preference
0,6,0.517307,100,79,21,20,59,0.45124,0.42775026055060483,0.011695111171550964,0.23917168261455918,0.012923,0.00502631003236246,0.295367688321269,0.29336161040750525
1,5,-0.640908,101,76,27,22,54,0.44977,0.4262866717908948,0.03211397504562491,0.23917168261455918,0.012593,-0.003532465469255663,0.29720525239893886,0.29297084272752083
2,2,0.462356,101,76,27,22,54,0.451177,0.4276657371184862,0.011695111171550964,0.23917168261455918,0.012964,-0.007949451326860838,0.3027534537842664,0.29264980588632145
3,2,0.933613,101,76,27,22,54,0.452621,0.42905837650828915,0.016393442622950807,0.23917168261455918,0.013323,-0.01764244433656957,0.3114020666060016,0.29227513824878104
4,2,0.447121,101,76,27,22,54,0.453913,0.4303024216400385,0.020868813705803083,0.23234266443384688,0.013561,-0.022671712378640768,0.32171146143547047,0.292085663159539
5,2,0.496537,101,76,27,22,54,0.455168,0.43149927684597295,0.017269004806836387,0.23234266443384688,0.013797,-0.028705455889967636,0.3327727763138659,0.29225220917542216
6,2,0.517321,101,76,27,22,54,0.456332,0.4326028771801658,0.013903552847493415,0.23234266443384688,0.014054,-0.035460075809061485,0.3451523803931781,0.2927896198550338
7,2,0.254038,101,76,27,22,54,0.457368,0.43359659028411457,0.014028973709983092,0.23234266443384688,0.014268,-0.038988238139158575,0.3577644403056286,0.2935204332854545
8,2,0.465508,101,76,27,22,54,0.458415,0.43459466630591936,0.014028973709983092,0.23234266443384688,0.01443,-0.04581434692556635,0.37143043504900136,0.2942617977226645
9,2,0.65588,101,76,27,22,54,0.459344,0.43547872755365874,0.019360751517928747,0.22803034212291648,0.014687,-0.055997832572815535,0.3863726866638104,0.29556833367680163
10,2,0.204378,101,92,4,18,74,0.459992,0.4362911681791297,0.008676150215429997,0.16373720306854128,0.014844,-0.05782008297619047,0.39692685030700736,0.2960061590998252
11,2,0.350448,101,92,4,18,74,0.460652,0.43710035496041105,0.005255650316191997,0.16373720306854128,0.014998,-0.06099904283807212,0.40696250408440643,0.2966498670055117
12,2,0.331247,101,92,4,18,74,0.461283,0.43787007954233215,0.007568343017641944,0.16373720306854128,0.015113,-0.06405565884419787,0.41673908217359107,0.2971205201723913
13,2,0.586029,101,92,4,18,74,0.461811,0.438507362135509,0.007998403208290684,0.16373720306854128,0.015164,-0.06955487351941747,0.42818741280652,0.2971205201723913
14,2,0.48492,101,92,4,18,74,0.462289,0.4390684553206888,0.009132918914579112,0.16373720306854128,0.015234,-0.07417614784500692,0.4384492441157399,0.2971205201723913
15,2,0.149294,101,92,4,18,74,0.462782,0.43963702504156105,0.012978754691335612,0.16373720306854128,0.015312,-0.07561793887771613,0.44683056973910035,0.29719807752459276
16,2,0.465201,101,92,4,18,74,0.46328,0.44019855742312686,0.011925033552418677,0.16404044837902462,0.015383,-0.08016833938569116,0.4557911062016194,0.29803896235650307
17,2,0.558465,101,92,4,18,74,0.463642,0.44061592274411643,0.011925033552418677,0.16404044837902462,0.015463,-0.085702046261558,0.4643869168987754,0.2994952730361147
18,2,0.61295,101,92,4,18,74,0.463974,0.4409924530502589,0.010321773053595258,0.16404044837902462,0.015512,-0.09185414521960239,0.4709835695478472,0.30065757000705495
19,2,-0.319103,101,92,4,18,74,0.462952,0.4398532704503155,0.010786122509569422,0.16373720306854128,0.015355,-0.08861031608298658,0.47110643556726467,0.30114300690025886
20,3,0.72779,101,90,3,15,75,0.463743,0.4406702639143678,0.018849367715871226,0.17820627756214605,0.015678,-0.09795383306352891,0.4718811326546433,0.3009220320727712
21,1,1.0,101,93,2,18,75,0.464558,0.4414872573784201,0.01722690888120827,0.17576387149831035,0.015678,-0.12644035265591602,0.4784373410192586,0.29958833953564706
22,5,-0.232171,100,88,3,13,75,0.463489,0.44050686522155735,0.018849367715871226,0.1757830972830538,0.015516,-0.12300661158795487,0.4830596577701611,0.3016693829013429
23,1,0.857628,101,93,2,18,75,0.464319,0.44132024089373767,0.019068616572890117,0.1757830972830538,0.015513,-0.14784516969398045,0.4875394023465511,0.3011575844270017
24,5,-0.417461,100,88,3,13,75,0.463266,0.44033984873687493,0.02045143871952262,0.1757830972830538,0.015351,-0.14175124895773447,0.4915352749894251,0.3035562339415648
25,1,0.570223,101,90,3,15,75,0.463851,0.4409753120563772,0.02045143871952262,0.1757830972830538,0.015495,-0.15315994023394103,0.4964894817855416,0.3036307344752714
26,1,0.534607,101,90,3,15,75,0.464446,0.4416068049740435,0.019057414514754113,0.1757830972830538,0.015635,-0.1639573966639196,0.5008924202509153,0.30397418251447744
27,1,-0.182564,101,90,3,15,75,0.463819,0.4409512731805612,0.02045143871952262,0.1757830972830538,0.015471,-0.1602355468030178,0.49886874063926473,0.3054981424774918
28,1,0.300686,101,90,3,15,75,0.464473,0.4416383881570626,0.019057414514754113,0.1757830972830538,0.015666,-0.16630727606822918,0.5009958687946046,0.30426542745206414
29,1,0.376358,101,90,3,15,75,0.465022,0.4422184252550353,0.019057414514754113,0.1757830972830538,0.015822,-0.17397837205387712,0.5045142651774347,0.30470794682330776
30,1,0.806864,101,87,2,12,75,0.465724,0.44295371937268235,0.028329978540415527,0.21668459031466258,0.016065,-0.1766037263400364,0.5074354972162697,0.30551568913963256
31,5,-0.159763,100,84,2,8,76,0.465326,0.44254050740420287,0.028329978540415527,0.21668459031466258,0.015988,-0.1749900028770668,0.5094136285369372,0.30696405055914394
32,5,-0.46916,100,84,2,8,76,0.464922,0.44211816403234855,0.029168931335248588,0.21668459031466258,0.015921,-0.17025115359301168,0.5100800842998899,0.30865636887676795
33,5,-0.311139,100,84,2,8,76,0.464531,0.4417004844427589,0.029168931335248588,0.21668459031466258,0.015849,-0.16710842704899054,0.5104402687659093,0.3105279426631758
34,5,0.368294,100,84,2,8,76,0.464925,0.44211985084040994,0.029168931335248588,0.21668459031466258,0.01592,-0.1708284601612301,0.5146719008047442,0.3096401329544379
35,5,0.255043,100,84,2,8,76,0.46532,0.4425358748755937,0.028329978540415527,0.21668459031466258,0.015993,-0.17340458117734794,0.5187392376979482,0.3087267814981272
36,5,-0.239515,100,84,2,8,76,0.464925,0.44212030922735623,0.029168931335248588,0.21668459031466258,0.015919,-0.17098530589930294,0.5147660008047443,0.30964363586705923
37,5,-0.376162,100,84,2,8,76,0.464532,0.44170071058709487,0.029168931335248588,0.21668459031466258,0.015849,-0.16718580391309434,0.5105946105134822,0.31052967081851557
38,5,-0.098877,100,84,2,8,76,0.464157,0.44128929570380243,0.029168931335248588,0.21668459031466258,0.015771,-0.16618707736525154,0.5107822988058832,0.3120118028053394
39,5,0.33768,101,90,2,14,76,0.464952,0.4420961267751138,0.028564376285348393,0.21668459031466258,0.015761,-0.16518969353356355,0.5151652774466597,0.31369158671657377
40,5,0.434419,100,86,3,11,75,0.465467,0.4426057679395518,0.024389469165121858,0.20385557281705624,0.01578,-0.16812392230939127,0.5190403240486016,0.31307768089133103
41,1,0.370325,101,91,4,17,74,0.466037,0.4431862078836878,0.024389469165121858,0.20385557281705624,0.015751,-0.18327256998489536,0.5187167813301549,0.308718416166412
42,2,0.474134,101,91,4,17,74,0.46673,0.4440032013477401,0.024389469165121858,0.2087489407450889,0.015751,-0.2052571149861401,0.5157450609418055,0.30538927102078095
43,2,0.426795,101,91,4,17,74,0.467369,0.4447384954653871,0.024389469165121858,0.21095268111075854,0.01567,-0.22534879451937384,0.5146310240486017,0.30253505062417196
44,2,0.259579,101,91,4,17,74,0.468014,0.44545919424538105,0.024389469165121858,0.21095268111075854,0.015575,-0.23775241990896812,0.5146458551165628,0.30042881156625334
45,2,-0.378125,101,91,4,17,74,0.467153,0.44452221150379734,0.024389469165121858,0.21095268111075854,0.015618,-0.2194165391104867,0.5139704483204461,0.3051458803769329
46,3,0.948007,101,91,4,17,74,0.468081,0.4455026036606601,0.024389469165121858,0.21095268111075854,0.015618,-0.24134565318691184,0.5145036883154883,0.30117657511803325
47,3,-0.275286,101,91,4,17,74,0.467197,0.4445593495520066,0.024389469165121858,0.21095268111075854,0.015604,-0.23477263080018043,0.513993562101896,0.30507490136398796
48,2,0.540659,101,91,4,17,74,0.468058,0.4454963322935904,0.024389469165121858,0.21095268111075854,0.015561,-0.26058711886278935,0.5147554621018962,0.3009891056115608
49,2,-0.423672,101,91,4,17,74,0.46719,0.44455473743280927,0.024389469165121858,0.21095268111075854,0.015599,-0.24004260788258022,0.5140773601601484,0.3056311639853472
50,3,0.575025,101,94,2,18,76,0.468275,0.44569852828248246,0.023311763614111823,0.20173268771540231,0.015599,-0.2659286808445159,0.5131999863737408,0.29951165354845394
51,5,0.326093,100,88,4,14,74,0.469211,0.44664674957399253,0.024055865443493363,0.20173268771540231,0.015891,-0.2655904179349766,0.5154269106455853,0.2985488325775802
52,3,0.908497,101,94,2,18,76,0.470315,0.44779054042366573,0.023481979592820768,0.20173268771540231,0.015891,-0.30678844716290077,0.5129784193834496,0.2942887280851467
53,5,-0.388865,100,88,4,14,74,0.469382,0.44684851190916824,0.02362249488924087,0.20173268771540231,0.015605,-0.30719182391779365,0.5129174320048088,0.29485800806087487
54,3,-0.468404,101,94,2,18,76,0.468279,0.4457047210594951,0.023311763614111823,0.20173268771540231,0.015605,-0.28579624126176034,0.5140408145290805,0.3008430491611984
55,5,-0.497023,100,88,4,14,74,0.467368,0.4447733629417623,0.025352941669514913,0.1948686605998686,0.01533,-0.2863118118889757,0.5105103465679155,0.30235844263918926
56,2,-0.665694,101,94,2,18,76,0.466318,0.4436604401422324,0.026878928323793547,0.1948686605998686,0.015332,-0.2530690394402162,0.5109002873446145,0.30762826108579117
57,5,0.104003,100,88,4,14,74,0.467148,0.44452933120957494,0.023432406125586877,0.20173268771540231,0.01557,-0.2529611549734263,0.5141427242378185,0.3076030984652025
58,3,0.472716,101,94,2,18,76,0.468234,0.44567312205924814,0.021925314659828988,0.20173268771540231,0.01557,-0.27439762570312276,0.513210353364032,0.30160764943607626
59,5,0.187433,100,88,4,14,74,0.469154,0.4466062571222411,0.024055865443493363,0.20173268771540231,0.015846,-0.27420319816459593,0.5168833514222845,0.30087844806413916
60,3,0.461344,101,90,5,17,73,0.470113,0.4475866492791039,0.024982423505631794,0.20533048482678934,0.015685,-0.28994926697306905,0.5170187708397601,0.2951331313003851
61,3,0.271661,101,90,5,17,73,0.471088,0.4485670414359666,0.025218005696336893,0.19415148037669414,0.015523,-0.29934735847596206,0.5149542087038379,0.29115515470764164
62,3,0.476745,101,90,5,17,73,0.47198,0.4494718810405274,0.025143037398879492,0.19415148037669414,0.015286,-0.31606159589137833,0.5144303970873786,0.28781380130958334
63,3,0.754617,101,90,5,17,73,0.472877,0.4503705738509849,0.025143037398879492,0.1977407407638608,0.015043,-0.34286799468072815,0.5151560941747573,0.2848236801235163
64,3,-0.430822,101,90,5,17,73,0.471875,0.44939018169412215,0.025143037398879492,0.19415148037669414,0.015205,-0.3273638887201515,0.5150625912621357,0.29051005222707615
65,3,0.548638,101,90,5,17,73,0.472877,0.4503705738509849,0.025143037398879492,0.1977407407638608,0.015043,-0.3468532658129238,0.5152650252427184,0.28472567688727035
66,3,-0.546249,101,90,5,17,73,0.471875,0.44939018169412215,0.025143037398879492,0.19415148037669414,0.015205,-0.3271952426570937,0.5152121223300969,0.29055091960571694
67,3,0.544391,101,90,5,17,73,0.472877,0.4503705738509849,0.025143037398879492,0.1977407407638608,0.015043,-0.34653375273456755,0.5152648436893204,0.28472567688727035
68,3,-0.270825,101,90,5,17,73,0.471875,0.44939018169412215,0.025143037398879492,0.19415148037669414,0.015205,-0.33678750503573457,0.5147912650485436,0.2902574927179068
69,3,0.602782,101,90,5,17,73,0.472877,0.4503705738509849,0.025143037398879492,0.1977407407638608,0.015043,-0.35820023465326917,0.515494513592233,0.28464217621305243
70,3,-0.69038,101,89,4,15,74,0.472267,0.4497519427457972,0.023966523582269462,0.19784245853029117,0.015078,-0.3250725356322335,0.5158144427184465,0.2895208821596544
71,2,-0.559021,101,89,4,15,74,0.471767,0.44924803173959005,0.023988142423116112,0.19784245853029117,0.015226,-0.2979265237686952,0.5151710242718445,0.2941383084946058
72,3,0.593472,101,89,4,15,74,0.472379,0.44988303870604984,0.023966523582269462,0.19784245853029117,0.015208,-0.32599597854215795,0.514530444660194,0.28919487839751845
73,3,0.455342,101,89,4,15,74,0.472918,0.45045968815830273,0.023966523582269462,0.19784245853029117,0.015132,-0.34784542088304254,0.513922322330097,0.284159330339266
74,3,0.17273,101,89,4,15,74,0.473443,0.45103128949772,0.023966523582269462,0.19784245853029117,0.015155,-0.3562526228895151,0.5135681514563106,0.28103343715156376
75,3,0.79165,101,89,4,15,74,0.473961,0.45155216811196425,0.025066898189877784,0.19784245853029117,0.015024,-0.39522097011443424,0.5144724009708738,0.2787557792995409
76,3,-0.689959,101,89,4,15,74,0.473327,0.4509334657403381,0.023966523582269462,0.19784245853029117,0.015058,-0.36078381199954745,0.5147927271844658,0.2836347665568224
77,4,0.681227,102,84,2,8,76,0.473728,0.45134196247236424,0.023966523582269462,0.19784245853029117,0.015139,-0.3791489347400381,0.5132737427184465,0.281367954442006
78,5,-0.652094,101,89,4,15,74,0.473148,0.4507527003143939,0.023966523582269462,0.1946310318708267,0.015203,-0.4036446205032527,0.510955449514563,0.27716865326886686
79,4,-0.414492,102,84,2,8,76,0.472746,0.45034420358236776,0.023966523582269462,0.1946310318708267,0.015122,-0.39243928311657167,0.5124393349514563,0.2795070075533751
80,5,-0.855386,101,85,5,12,73,0.472084,0.4496906088111259,0.02670501675123078,0.19340172483712037,0.015284,-0.42455016784802546,0.510769940776699,0.2768904572125944
81,3,0.877537,101,87,2,12,75,0.47275,0.45034420358236776,0.024474075726976924,0.19340172483712037,0.015284,-0.4503069074578088,0.5119593922330097,0.27353944211011333
82,4,0.55661,101,85,5,12,73,0.473401,0.45099882404982305,0.024474075726976924,0.19340172483712037,0.015243,-0.44464191582194873,0.5093412242718445,0.27645054016836573
83,4,0.58483,102,87,2,11,76,0.473901,0.4514890201282544,0.024474075726976924,0.19340172483712037,0.015243,-0.45933447383229953,0.5076720087378639,0.2738421017668401
84,4,0.594147,101,85,5,12,73,0.474565,0.4521437099422727,0.024474075726976924,0.19278913941636908,0.015199,-0.45302854873770165,0.5047489776699029,0.27678583477654883
85,4,0.215071,102,87,2,11,76,0.475047,0.45263286608853387,0.024474075726976924,0.19278913941636908,0.015095,-0.45848852664903866,0.503002191262136,0.27483932334695
86,5,-0.515348,101,85,5,12,73,0.47435,0.45194841378121076,0.024474075726976924,0.19340172483712037,0.015226,-0.47765727976610367,0.500264396116505,0.2718943418744581
87,4,-0.761899,102,87,2,11,76,0.473841,0.4514582177027794,0.024474075726976924,0.19340172483712037,0.015226,-0.4582590245553624,0.502648963106796,0.2751553720929047
88,5,0.232171,101,85,5,12,73,0.474521,0.45213118647906303,0.024474075726976924,0.19278913941636908,0.015084,-0.4497030813608143,0.5059930242718446,0.2791677840576794
89,4,0.417612,102,87,2,11,76,0.475042,0.45264558967065105,0.024474075726976924,0.19278913941636908,0.01506,-0.46030281014157143,0.5041196165048545,0.2760895331214797
90,5,-0.720011,100,80,2,4,76,0.474756,0.45240049163143536,0.024479481074259467,0.19241010883374915,0.014979,-0.45618769900442147,0.5009304203883495,0.27657497001468356
91,5,-0.67974,101,91,2,15,76,0.473891,0.45150179882097785,0.024479481074259467,0.19241010883374915,0.014898,-0.48103803668157447,0.49867483203883484,0.273942007652224
92,5,-0.518734,101,91,2,15,76,0.47304,0.45060310601052034,0.024634974008725965,0.19241010883374915,0.014817,-0.4996540413929392,0.49744321844660183,0.2718204197447338
93,5,-0.727125,101,91,2,15,76,0.472203,0.4497044132000628,0.027542488709560328,0.19241010883374915,0.014736,-0.5252606523914473,0.49612762912621355,0.2709090423883351
94,5,-0.475709,101,91,2,15,76,0.47138,0.4488057203896053,0.025068016884337213,0.19241010883374915,0.014655,-0.5416940605048628,0.49546919417475727,0.2705026834051421
95,5,-0.583601,101,91,2,15,76,0.470572,0.4479070275791478,0.021752438550510608,0.19074185317214715,0.014574,-0.5614629522596857,0.4938548291262136,0.2708447528873428
96,5,-0.381697,101,91,2,15,76,0.469778,0.4470083347686903,0.021752438550510608,0.19074185317214715,0.014493,-0.5741363652735975,0.49253162427184466,0.2712585619534546
97,5,-0.468572,101,91,2,15,76,0.468999,0.44610964195823277,0.021752438550510608,0.19074185317214715,0.014412,-0.5893797781720339,0.49183434466019416,0.2720639534097653
98,5,0.311877,101,91,2,15,76,0.469778,0.4470083347686903,0.021752438550510608,0.19074185317214715,0.014493,-0.5794432230406927,0.4966311436893202,0.27485943387208617
99,4,0.616556,101,91,2,15,76,0.470305,0.4476824773383872,0.021752438550510608,0.19074185317214715,0.014473,-0.5707891196774136,0.4946839601941746,0.27838656471351014
100,5,-0.506919,101,90,3,15,75,0.469625,0.4469471832207401,0.023260750103653905,0.19037716373501615,0.014392,-0.5853273610092533,0.4911736067961164,0.27739250743195676
101,1,0.851062,101,86,5,14,72,0.470138,0.4475190786455767,0.021841821126507108,0.19037716373501615,0.014473,-0.61808798776139,0.49366791553398054,0.2741302331999469
102,2,0.452425,101,90,3,15,75,0.470551,0.44799940776937874,0.021841821126507108,0.19037716373501615,0.014463,-0.6379103173871472,0.4938238611650485,0.2719151836853838
103,1,0.623192,101,90,3,15,75,0.471084,0.44857130319421534,0.021841821126507108,0.1902771147012671,0.014544,-0.6652371266627262,0.4962445029126214,0.26918716863684017
104,1,0.760867,101,86,5,14,72,0.471629,0.44914319861905194,0.021841821126507108,0.1902771147012671,0.014625,-0.6952645158827079,0.4990001854368932,0.2669679959473508
105,2,0.493793,101,90,3,15,75,0.472064,0.44962262540920284,0.021841821126507108,0.1902771147012671,0.014614,-0.7170376257831311,0.5018945388349515,0.26532377140186886
106,1,0.395423,101,90,3,15,75,0.47263,0.45019452083403944,0.02082768601428838,0.1902771147012671,0.014695,-0.7347607145716135,0.5045358067961165,0.2636549741203154
107,1,0.410854,101,90,3,15,75,0.473207,0.45076641625887603,0.021533549418792246,0.1902771147012671,0.014776,-0.7533748903055774,0.5061579553398058,0.26214432795405773
108,1,0.402734,101,90,3,15,75,0.473748,0.45129242958219523,0.018055924619903636,0.1902771147012671,0.014812,-0.7718167030613653,0.5075311970873786,0.2609660147501743
109,1,0.517039,101,90,3,15,75,0.474193,0.45172107230507874,0.019703116045442788,0.1902771147012671,0.014873,-0.7957437020290858,0.5087483815533981,0.25974555309968883
110,1,0.553613,101,84,7,13,71,0.4746,0.45215341668136555,0.01940960260785522,0.19040187209421705,0.014815,-0.8168845834938725,0.5094897174757281,0.2575957854027693
111,5,0.417081,102,90,3,15,75,0.47542,0.45302860834058023,0.01940960260785522,0.19040187209421705,0.014596,-0.8289563341934478,0.5143211728155338,0.2555199399162913
112,1,0.643545,101,84,7,13,71,0.475844,0.4534648266562483,0.01940960260785522,0.19040187209421705,0.014542,-0.853583529215408,0.5129899077669903,0.25411517134141415
113,5,0.206879,102,90,3,15,75,0.476531,0.45418846383142136,0.01940960260785522,0.19040187209421705,0.014149,-0.8596489178928203,0.5185858844660193,0.2527360601601843
114,1,-0.296207,101,84,7,13,71,0.475864,0.4535221095778822,0.01940960260785522,0.19040187209421705,0.014137,-0.8482896946373109,0.5162586194174756,0.25637688289481214
115,5,0.516861,102,90,3,15,75,0.47655,0.45422828025047246,0.01940960260785522,0.19040187209421705,0.013761,-0.8634889266404912,0.5202730747572816,0.25462807949675387
116,1,-0.705359,101,84,7,13,71,0.475873,0.4535443011981597,0.01940960260785522,0.19040187209421705,0.013731,-0.8365451379523263,0.5190156601941748,0.258511574642385
117,5,0.377029,102,90,3,15,75,0.476552,0.4542409620339408,0.025441566186724576,0.19040187209421705,0.013365,-0.8476656312180629,0.5235095155339805,0.25728738819048735
118,1,-0.517822,101,84,7,13,71,0.475896,0.4535650612780634,0.026552882703598898,0.19040187209421705,0.013343,-0.8279633032314702,0.5217666737864077,0.2611708833361184
119,5,0.192786,102,90,3,15,75,0.476511,0.45420779316922044,0.026552882703598898,0.17099810144227917,0.01303,-0.8336665537569748,0.5271847504854368,0.2603865624949993
120,1,-0.511795,101,86,6,14,72,0.475742,0.4533637896163074,0.026123076001917777,0.17410054031304364,0.013003,-0.8200681406655895,0.5259680067961164,0.26376096929111587
121,4,0.502859,102,87,2,11,76,0.476194,0.4538487099143156,0.026123076001917777,0.17410054031304364,0.013332,-0.8365158904016813,0.5237118873786406,0.26073355197142095
122,5,-0.343834,101,86,6,14,72,0.475456,0.4530317164502633,0.026123076001917777,0.17410054031304364,0.013332,-0.8449799110520126,0.5205969708737863,0.2578080022488135
123,4,0.482771,102,87,2,11,76,0.475815,0.45344021318228944,0.026123076001917777,0.17410054031304364,0.013736,-0.8608050215929279,0.5183311378640776,0.25524284559139326
124,5,0.418783,100,86,3,11,75,0.47639,0.4541125531087273,0.026123076001917777,0.17410054031304364,0.013593,-0.854215467620436,0.5217457563106794,0.2568677847499693
125,1,0.480674,101,86,6,14,72,0.477146,0.45495988213054994,0.026123076001917777,0.17410054031304364,0.013623,-0.8669351502795515,0.5229884786407766,0.254492331351911
126,4,0.64275,102,87,2,11,76,0.477515,0.4553683788625761,0.026123076001917777,0.17410054031304364,0.014028,-0.8880501251601186,0.520880881553398,0.2520311725446988
127,5,0.593987,100,86,3,11,75,0.478082,0.45602659503721654,0.026123076001917777,0.17410054031304364,0.013914,-0.878684508536602,0.5231895660194172,0.2535235697399523
128,1,0.423264,101,86,6,14,72,0.478858,0.456880058733965,0.026447096194063102,0.170576302297428,0.01395,-0.8899306616148882,0.5247080262135921,0.25208401699229915
129,4,0.740656,102,87,2,11,76,0.479237,0.4572885554659911,0.028975153098268744,0.170576302297428,0.014355,-0.9143147623892758,0.5225471135922328,0.251066547852216
130,5,-0.182428,100,84,2,8,76,0.478708,0.45679835938755975,0.02859774549571211,0.17198265604049254,0.014516,-0.9161902158177795,0.5180716679611648,0.24940291550554297
131,5,0.313017,101,84,9,15,69,0.479358,0.45753365350520675,0.027496259004848794,0.17198265604049254,0.014435,-0.9091381103970674,0.518659134951456,0.25212965069971777
132,5,0.506967,102,91,4,17,74,0.480146,0.4583506469692591,0.027496259004848794,0.17198265604049254,0.014274,-0.9236644198226337,0.5202314184466018,0.25141226000392486
133,4,0.400747,102,91,4,17,74,0.481072,0.45924982053487384,0.02802602575076841,0.17198265604049254,0.014193,-0.9389669727190737,0.5164043737864076,0.24757778609371503
134,4,0.442555,102,91,4,17,74,0.481997,0.46012587456775733,0.028553450970403772,0.17198265604049254,0.014135,-0.9559913587627631,0.512601967961165,0.2444370171616762
135,4,-0.376902,102,91,4,17,74,0.481017,0.4591844951205124,0.02802602575076841,0.17198265604049254,0.014096,-0.9413857780265174,0.5164280621359222,0.249313456724783
136,4,0.707749,102,91,4,17,74,0.481999,0.46012868269718576,0.028553450970403772,0.17198265604049254,0.014132,-0.9686117636252226,0.5128890427184465,0.24442638148206455
137,4,0.731556,102,91,4,17,74,0.482903,0.46095165280299105,0.029990833269521774,0.1670816625550889,0.014127,-0.996960881117132,0.5093869291262135,0.24203196747022712
138,4,0.593004,102,91,4,17,74,0.483795,0.4617444583835382,0.029990833269521774,0.1670816625550889,0.014103,-1.020108927088006,0.5056755038834949,0.24021877204672268
139,4,0.521357,102,91,4,17,74,0.484647,0.46247997702643373,0.031249269356376293,0.1670816625550889,0.014022,-1.0406079446770027,0.501891336893204,0.23897850727557154
140,4,0.560697,102,85,3,10,75,0.484968,0.4627294665964419,0.030985658427691954,0.1644095265301029,0.014107,-1.0580426989141731,0.4996004019417475,0.2368936446542123
141,1,-0.636234,102,85,3,10,75,0.484544,0.46240266921082096,0.03115317243849958,0.1644095265301029,0.013946,-1.0792044888055277,0.5005294747572815,0.23543733397460062
142,1,-0.720991,102,85,3,10,75,0.48413,0.46207587182520005,0.03138772490907054,0.18305364925700407,0.013784,-1.1030003736483387,0.5011694611650486,0.233981023294989
143,1,0.183565,102,85,3,10,75,0.484544,0.46240266921082096,0.03115317243849958,0.1644095265301029,0.013946,-1.0969890205207382,0.5021640359223302,0.23682799980446656
144,1,-0.781223,102,85,3,10,75,0.48413,0.46207587182520005,0.03138772490907054,0.18305364925700407,0.013784,-1.1227728553866652,0.5029630941747573,0.23399918510728673
145,1,0.382281,102,85,3,10,75,0.484544,0.46240266921082096,0.03115317243849958,0.1644095265301029,0.013946,-1.1102539744157913,0.5030678077669902,0.237144992874277
146,1,-0.543816,102,85,3,10,75,0.48413,0.46207587182520005,0.03138772490907054,0.18305364925700407,0.013784,-1.128202296725084,0.5034023834951457,0.23399918510728673
147,1,-0.714628,102,85,3,10,75,0.483728,0.46174907443957913,0.03138772490907054,0.18305364925700407,0.013622,-1.1516048218868962,0.504076181553398,0.2325428744276751
148,1,-0.387712,102,85,3,10,75,0.483336,0.4614222770539582,0.03138772490907054,0.18305364925700407,0.01346,-1.164202066584076,0.5043134825242718,0.23108656374806344
149,1,0.707972,101,89,2,13,76,0.483871,0.46202159180186086,0.03138772490907054,0.18305364925700407,0.013478,-1.1831856956887148,0.5036480446601942,0.23020845823065872
150,5,-0.559142,100,84,6,12,72,0.483381,0.4615313957234295,0.02795965107638533,0.1830923856479758,0.013802,-1.1891257561741517,0.5028252446601941,0.22888694043130597
151,4,0.795291,102,81,5,8,73,0.483427,0.4615313957234295,0.02795965107638533,0.1830923856479758,0.013802,-1.209654504367248,0.5014546805825243,0.22790631668597366
152,3,-0.880179,101,85,6,13,72,0.48276,0.46079610160578244,0.02782257148697451,0.1830923856479758,0.013721,-1.191089187952546,0.49978486893203883,0.23033350115199308
153,4,0.69763,102,81,5,8,73,0.482808,0.46079610160578244,0.02782257148697451,0.16433629925549298,0.013721,-1.2090970195194282,0.49801624854368925,0.22887510406461442
154,3,0.652411,101,85,6,13,72,0.483475,0.4615313957234295,0.02795965107638533,0.16433629925549298,0.013802,-1.222858110079607,0.49851982427184477,0.22700617688014843
155,4,-0.596771,102,81,5,8,73,0.483361,0.46144969637702427,0.02795965107638533,0.1830923856479758,0.013721,-1.2074537368999954,0.5003467048543688,0.22992058270539115
156,3,-0.496567,101,85,6,13,72,0.482695,0.4607144022593772,0.02782257148697451,0.1830923856479758,0.01364,-1.1969798189823655,0.5000235427184467,0.23229234156461445
157,4,0.348038,102,81,5,8,73,0.482808,0.46079610160578244,0.02782257148697451,0.16433629925549298,0.013721,-1.20596368926284,0.49831702427184466,0.22937867942869208
158,3,0.822923,101,85,6,13,72,0.483475,0.4615313957234295,0.02795965107638533,0.16433629925549298,0.013802,-1.2233213358054509,0.4991062689320388,0.22704334763257558
159,4,0.303697,102,81,5,8,73,0.483526,0.4615313957234295,0.02795965107638533,0.16433629925549298,0.013802,-1.231160625503401,0.49663028058252423,0.22607156607917755
160,3,0.488629,101,89,3,14,75,0.48401,0.46200415592166294,0.02984398483936151,0.16259410254994106,0.013461,-1.2416594692790215,0.4947342776699029,0.22330026047968515
161,1,0.435892,101,89,3,14,75,0.484299,0.4623231763158267,0.02984398483936151,0.16259410254994106,0.013089,-1.2516085668086874,0.4942805233009707,0.22138770287450715
162,1,0.733121,101,89,3,14,75,0.48463,0.46268341333833807,0.026776754123623597,0.16259410254994106,0.012731,-1.268470207170068,0.4927156378640777,0.21995096177418352
163,1,0.372696,101,89,3,14,75,0.484924,0.4629791867545853,0.026776754123623597,0.16259410254994106,0.012342,-1.2771176309942318,0.4926561660194173,0.21921273950157524
164,1,0.472468,101,89,3,14,75,0.485128,0.4632017633097635,0.026776754123623597,0.16259410254994106,0.012033,-1.2881599900719023,0.4921793233009708,0.21869164338507044
165,1,-0.491815,101,89,3,14,75,0.48466,0.4627582173760154,0.026776754123623597,0.16259410254994106,0.012287,-1.276617460088083,0.4926699601941746,0.22166285179930986
166,1,-0.343091,101,89,3,14,75,0.484237,0.46234512373712666,0.026776754123623597,0.16259410254994106,0.012557,-1.2686272232542104,0.4925971349514563,0.22460075503555585
167,1,0.648938,101,89,3,14,75,0.484741,0.46284154879312533,0.026776754123623597,0.16259410254994106,0.012341,-1.283632225638245,0.4914967165048542,0.22166088610351703
168,1,0.597902,101,89,3,14,75,0.485174,0.46326168818317875,0.026776754123623597,0.16259410254994106,0.012055,-1.2975736234537794,0.49069735339805814,0.21868731296435845
169,1,0.600844,101,89,3,14,75,0.485391,0.4634850626776732,0.025978076685313174,0.16259410254994106,0.011735,-1.3116978481301544,0.4902203504854369,0.21836017275451874
170,1,-0.895467,101,87,2,11,76,0.484826,0.46288102965650746,0.02609939035367775,0.15348932319410544,0.012009,-1.2743474550742135,0.4912384708737863,0.2222436679001498
171,5,-0.637184,100,85,2,9,76,0.484216,0.46222743488526563,0.02722967043270964,0.15348932319410544,0.012171,-1.2884811612181772,0.4886923427184465,0.22078994489198214
172,5,0.46916,100,85,2,9,76,0.484826,0.46288102965650746,0.02609939035367775,0.15348932319410544,0.012009,-1.2780744904326524,0.49192047475728146,0.22323404424473295
173,5,-0.298834,100,85,2,9,76,0.48422,0.462233804794283,0.02722967043270964,0.15348932319410544,0.012178,-1.2847030774827648,0.4883791038834951,0.22097232072801234
174,5,0.53445,100,85,2,9,76,0.48483,0.4628873995655248,0.02609939035367775,0.15348932319410544,0.012016,-1.2728481717359765,0.4914282514563106,0.22347701835476533
175,5,0.279188,100,85,2,9,76,0.485443,0.46352967215665963,0.02609939035367775,0.15348932319410544,0.011843,-1.2666553634492257,0.49540359902912606,0.22571770584128098
176,5,0.521338,100,85,2,9,76,0.486073,0.4641832669279015,0.023614027841169387,0.15348932319410544,0.011681,-1.2550913088988678,0.4986252145631067,0.22870311145077393
177,5,-0.750571,100,85,2,9,76,0.485443,0.46352967215665963,0.02609939035367775,0.15348932319410544,0.011843,-1.2717401104875705,0.49676143203883494,0.22616706905595196
178,5,-0.40363,100,85,2,9,76,0.484823,0.4628760773854178,0.02609939035367775,0.15348932319410544,0.012005,-1.2806932277916794,0.493990395145631,0.22379313561474376
179,5,0.471174,100,85,2,9,76,0.485443,0.46352967215665963,0.02609939035367775,0.15348932319410544,0.011843,-1.2702418870198837,0.49687077572815525,0.22623939117029931
180,5,-0.782467,100,84,2,8,76,0.485147,0.46328457411744395,0.02619289935015412,0.1530709185269965,0.0116,-1.2464315605957996,0.49484410873786394,0.22866657563631873
181,5,-0.326474,100,84,2,8,76,0.484859,0.46303947607822826,0.02619289935015412,0.1530709185269965,0.011357,-1.236497024607385,0.49135184077669897,0.2309626797972064
182,5,-0.345863,100,84,2,8,76,0.484577,0.4627943780390126,0.02619289935015412,0.1530709185269965,0.011115,-1.225972476166494,0.48746776796116487,0.23376526620497334
183,5,-0.405666,100,84,2,8,76,0.484302,0.4625492799997969,0.031681149469617226,0.1530709185269965,0.010872,-1.2136281349035423,0.4834819825242717,0.23663276287626323
184,5,-0.73907,101,92,2,16,76,0.483526,0.4616505871893394,0.031681149469617226,0.15621825623382693,0.011115,-1.2250656356663714,0.48006962330097064,0.23469101530344771
185,5,-0.426686,101,92,2,16,76,0.482767,0.46075189437888187,0.034336097209638525,0.18133553308518097,0.011357,-1.2316288811564315,0.4761000786407765,0.23420557841024378
186,5,-0.297537,101,92,2,16,76,0.482025,0.45985320156842435,0.03223272069234648,0.18133553308518097,0.0116,-1.236177708368637,0.4721816058252426,0.23440940255359763
187,5,-0.649672,101,92,2,16,76,0.4813,0.45895450875796684,0.03309330380719503,0.18133553308518097,0.011843,-1.2460492596169033,0.4703357970873784,0.23452167139141394
188,5,-0.388147,101,92,2,16,76,0.480592,0.45805581594750927,0.03309330380719503,0.18133553308518097,0.012085,-1.2519106926427932,0.46863331553398047,0.23500710828461782
189,5,-0.563443,101,92,2,16,76,0.479902,0.4571571231370518,0.028245873860892057,0.18133553308518097,0.012328,-1.2603665169516232,0.4684899155339804,0.23592225051762752
190,5,-0.650553,101,94,3,19,75,0.479117,0.45625843032659424,0.028051767253602807,0.1825362021293797,0.012895,-1.2925561774532415,0.47084422912621354,0.23178989853910442
191,1,0.450129,101,94,3,19,75,0.479888,0.45715651805290525,0.028051767253602807,0.1825362021293797,0.012578,-1.3172801463690988,0.47354634174757276,0.22919547363021603
192,1,0.235797,101,94,3,19,75,0.480609,0.45799290982240204,0.03289170536735885,0.1825362021293797,0.012235,-1.3303310304791311,0.47673993592233,0.2277411108470445
193,1,0.582721,101,94,3,19,75,0.481356,0.45885784208035474,0.03150515338304309,0.1825362021293797,0.011864,-1.362817650155507,0.47880815728155335,0.22650617371112217
194,1,0.411442,101,94,3,19,75,0.482109,0.4597086836063794,0.03150515338304309,0.1825362021293797,0.011507,-1.3859339876959598,0.48110118737864066,0.22576343738426133
195,1,0.716082,101,94,3,19,75,0.482888,0.46058458704767,0.03021763187015859,0.1729712419576636,0.011125,-1.4264654664823675,0.4822253291262136,0.22506460081468202
196,1,0.517514,101,94,3,19,75,0.483672,0.4614441548546888,0.031519250496327755,0.1729712419576636,0.010759,-1.4559884705276749,0.48479437961165045,0.22429032864639722
197,1,0.57617,101,94,3,19,75,0.484471,0.46230854820744444,0.031519250496327755,0.1729712419576636,0.010389,-1.4891041891360894,0.4864338349514563,0.2235383399732581
198,1,0.252969,101,94,3,19,75,0.485245,0.463117983910582,0.030972807910426045,0.1797928031993857,0.010049,-1.503753328197578,0.48875496310679606,0.22289470599267558
199,1,-0.172766,101,94,3,19,75,0.484376,0.4622434658704705,0.031519250496327755,0.1729712419576636,0.010343,-1.4936806427445035,0.48797601262135915,0.22851984952018364
200,1,-0.538564,101,90,3,15,75,0.483683,0.4614215889517622,0.02895628591699795,0.17101864478645018,0.010538,-1.4756498116765422,0.48792486990291245,0.23366639320950408
201,1,-0.665468,101,90,3,15,75,0.482992,0.4605807123973953,0.02895628591699795,0.17101864478645018,0.010724,-1.453477978505021,0.48778246893203875,0.23900619903474676
202,1,0.242214,101,90,3,15,75,0.483645,0.46135494630177054,0.02895628591699795,0.17101864478645018,0.010502,-1.461508772922497,0.48868287184466,0.2347121405396011
203,1,0.396761,101,90,3,15,75,0.484324,0.46215402620642226,0.03144262504598389,0.17182448036951506,0.010294,-1.4747279121619792,0.48935083592233003,0.23004565057196358
204,1,-0.857628,101,90,3,15,75,0.483621,0.4613062532043955,0.02895628591699795,0.17101864478645018,0.010487,-1.4460150059322057,0.4899563514563105,0.2349000195040024
205,1,-0.672398,101,90,3,15,75,0.482931,0.46046512791360494,0.029013197771717448,0.17101864478645018,0.010672,-1.4236122788286456,0.4898326893203883,0.23975438843604124
206,1,-0.484594,101,90,3,15,75,0.482269,0.4596519274950528,0.029013197771717448,0.17971920613349535,0.010872,-1.4075451507542123,0.488996540776699,0.24454000466687756
207,1,0.427224,101,90,3,15,75,0.482926,0.46045590481267773,0.029013197771717448,0.17101864478645018,0.010667,-1.4216409958189373,0.49005603106796114,0.23985066777367364
208,1,-0.86774,101,90,3,15,75,0.482249,0.45960776883972143,0.029013197771717448,0.17971920613349535,0.01086,-1.3928703434726586,0.4895152883495146,0.24470503670571248
209,1,0.39957,101,90,3,15,75,0.482903,0.4604073002601491,0.029013197771717448,0.17101864478645018,0.010652,-1.4060537513205553,0.49056904174757276,0.24003643994195842
210,1,0.494578,101,87,7,16,71,0.483603,0.46114539474367955,0.02807208514755682,0.16940318569218496,0.010569,-1.4246225731328532,0.49294113300970854,0.23705243814285099
211,3,-0.744697,101,87,7,16,71,0.482833,0.4602878095776747,0.029056729682403783,0.16940318569218496,0.010852,-1.3953825495891636,0.4918122213592232,0.2433631177545015
212,4,-0.563468,101,87,7,16,71,0.482036,0.45938911676721716,0.028391319449531962,0.16940318569218496,0.011095,-1.4149994200665101,0.4968934087378639,0.2381089886282879
213,4,0.376902,101,87,7,16,71,0.482833,0.4602878095776747,0.029056729682403783,0.16940318569218496,0.010852,-1.4021278184322057,0.4919262912621358,0.24307485830466324
214,5,-0.489896,101,87,7,16,71,0.482036,0.45938911676721716,0.028391319449531962,0.16940318569218496,0.011095,-1.4212607713367365,0.4929374932038834,0.2394945831913947
215,5,0.243019,101,87,7,16,71,0.482808,0.46025463930985117,0.029056729682403783,0.16940318569218496,0.010853,-1.4119308412072868,0.49349121941747565,0.2432892998904238
216,5,0.672259,102,84,3,9,75,0.483127,0.46058143669547214,0.029056729682403783,0.16940318569218496,0.011015,-1.4250392738394337,0.4949715631067961,0.24173226423977764
217,1,0.813083,101,87,7,16,71,0.483868,0.4613703846326813,0.028437201791088603,0.16940318569218496,0.010881,-1.4561057124640289,0.49722617961165044,0.23795012710385532
218,5,0.59605,102,84,3,9,75,0.484187,0.4616906646877131,0.026807520395717984,0.16940318569218496,0.011036,-1.467728149357233,0.4987557941747571,0.23791517980072696
219,1,-0.574821,101,87,7,16,71,0.483477,0.46093886035795667,0.02742701601636787,0.16940318569218496,0.011133,-1.445383926452702,0.4963464320388349,0.2417877779803386
220,5,-0.713861,101,94,2,18,76,0.482519,0.45987676885468864,0.025917557141956933,0.16865845895621445,0.011052,-1.4673162063063003,0.4958282145631068,0.24113461560709157
221,5,-0.51574,101,94,2,18,76,0.481577,0.4588146773514207,0.025813926821462354,0.16865845895621445,0.010972,-1.4830280087327148,0.4948421961165048,0.2404433494797992
222,5,-0.345542,101,94,2,18,76,0.480664,0.45777642308221705,0.026653599056485754,0.16865845895621445,0.010914,-1.4934653487280913,0.49296212912621346,0.23977458014109143
223,5,-0.305948,101,94,2,18,76,0.47977,0.4567447991617929,0.026034025986922088,0.16865845895621445,0.010864,-1.5026274964696542,0.4910993912621358,0.23908161152101146
224,5,-0.355023,101,94,2,18,76,0.478888,0.45570495739587025,0.026034025986922088,0.16865845895621445,0.010805,-1.5131673788482944,0.4891506048543689,0.23873856200644836
225,5,-0.323737,101,94,2,18,76,0.478025,0.45467035447763,0.024822188289382017,0.16865845895621445,0.010751,-1.522694640954937,0.4875522495145631,0.2385692515826542
226,5,0.122525,101,94,2,18,76,0.478839,0.45563667871390146,0.024822188289382017,0.16865845895621445,0.010737,-1.5191205837157626,0.491394622330097,0.24147833566648844
227,4,-0.563097,101,93,2,18,75,0.477962,0.4545745872106335,0.024822188289382017,0.16865845895621445,0.010656,-1.5234922725823061,0.4933421737864077,0.23822824828784764
228,4,-0.465478,101,94,2,18,76,0.477103,0.4535124957073655,0.024822188289382017,0.16865845895621445,0.010575,-1.526985569798364,0.49415256407766994,0.2376724407366071
229,4,-0.830394,101,93,2,18,75,0.476261,0.45245040420409754,0.024822188289382017,0.16061788089412898,0.010494,-1.5330024840101069,0.49498459514563103,0.23709726531508932
230,4,-0.559814,101,88,2,12,76,0.475707,0.4517968094328558,0.024824065346491907,0.16056103518419,0.010656,-1.5402233390956364,0.49610292718446597,0.23479291871314759
231,4,-0.657913,101,88,2,12,76,0.475164,0.44241271645453184,0.024187079761571632,0.16056103518419,0.010818,-1.5485080317216189,0.49779351165048547,0.23354930576816374
232,4,-0.561202,101,88,2,12,76,0.474632,0.441928710977808,0.024209418721283467,0.16056103518419,0.01098,-1.5554030091141293,0.4993777961165048,0.2331946237293288
233,4,-0.469762,101,88,2,12,76,0.474111,0.4414447055010839,0.024209418721283467,0.16056103518419,0.011142,-1.5610306628242538,0.5012962087378641,0.23292694978110873
234,4,-0.958331,101,88,2,12,76,0.4736,0.44096070002436,0.024209418721283467,0.16056103518419,0.011303,-1.572217749752132,0.5032205524271844,0.23322276143159418
235,4,-0.545796,101,88,2,12,76,0.4731,0.4404766945476361,0.024209418721283467,0.16056103518419,0.011465,-1.578421936760916,0.5052352854368931,0.23387667114033206
236,4,-0.641777,101,88,2,12,76,0.472611,0.43999268907091216,0.024209418721283467,0.16056103518419,0.011627,-1.5855205958917529,0.5070327067961166,0.23456020803353592
237,4,0.630137,101,88,2,12,76,0.4731,0.4404766945476361,0.024209418721283467,0.16056103518419,0.011465,-1.5787436960882393,0.5034205436893202,0.23749489929567186
238,5,0.616439,101,88,2,12,76,0.4736,0.44096070002436,0.024209418721283467,0.16056103518419,0.011303,-1.5530817697243926,0.5049562456310679,0.2418638313345068
239,4,-0.642105,101,88,2,12,76,0.4731,0.4404766945476361,0.024209418721283467,0.16056103518419,0.011465,-1.5601840461807033,0.508983531067961,0.23879458181994367
240,4,-0.621335,101,83,7,12,71,0.472436,0.43975068633255027,0.02431398233802803,0.16181626065037225,0.011708,-1.5647115541692518,0.5139190242718447,0.2378237080335359
241,5,0.773464,102,89,2,13,76,0.473025,0.4403132641269242,0.023662332125346387,0.16181626065037225,0.011627,-1.5749253062658772,0.5151189155339805,0.23817380158416004
242,5,-0.53445,101,83,7,12,71,0.472372,0.4395872559118383,0.023662332125346387,0.16181626065037225,0.01187,-1.5789601659559445,0.5158456873786408,0.23870975498221833
243,5,0.685152,102,89,2,13,76,0.47297,0.4401498337062122,0.023662332125346387,0.16181626065037225,0.011789,-1.588268272430748,0.5173077106796116,0.2386452974232724
244,5,-0.371448,101,83,7,12,71,0.472328,0.43942382549112635,0.02743179065731136,0.16181626065037225,0.012032,-1.5910179842330878,0.5177948087378641,0.239739072115829
245,5,0.625636,102,89,2,13,76,0.472935,0.43998640328550026,0.02743179065731136,0.14894521711375705,0.011951,-1.5997554394388205,0.5193040427184465,0.239730831893915
246,5,0.581167,101,83,7,12,71,0.473577,0.44071241150058615,0.023662332125346387,0.14894521711375705,0.011708,-1.5955386084480316,0.5184923990291261,0.24048219720135833
247,5,0.40363,102,89,2,13,76,0.474193,0.44127498929495995,0.021930613889895714,0.14894521711375705,0.011627,-1.6011527308266724,0.5207948058252428,0.24061649428873702
248,3,0.399848,101,83,7,12,71,0.47481,0.44197326899971184,0.021930613889895714,0.14894521711375705,0.011412,-1.6094546366046163,0.5225745990291261,0.23945738613339718
249,4,-0.7165,102,89,2,13,76,0.474193,0.44141069120533805,0.023662332125346387,0.14894521711375705,0.011493,-1.5836107536688788,0.5266744398058252,0.2428367152596108
250,4,0.694528,101,92,2,16,76,0.475148,0.44245727447643585,0.0235733547332582,0.14880716016957943,0.01125,-1.5659639942999466,0.5232513475728153,0.24560856995216743
251,4,-0.754729,101,93,2,18,75,0.473981,0.44125040367733204,0.026389290714691482,0.14794828897338402,0.011493,-1.5820607352477045,0.5262674203883495,0.24236347998452995
252,4,-0.647101,101,93,2,18,75,0.472833,0.4400435328782283,0.02709606079214647,0.14794828897338402,0.011735,-1.5956421138283792,0.5303251456310679,0.2392314136414879
253,4,-0.52843,101,92,2,16,76,0.471905,0.43899787880978247,0.029403384904318017,0.14794828897338402,0.011979,-1.6087949751598636,0.5302113621359223,0.23996366755734544
254,4,0.287945,101,92,2,16,76,0.472805,0.4400081979514509,0.02709606079214647,0.14794828897338402,0.011699,-1.6016744852384581,0.5265686805825242,0.24295089813986975
255,4,-0.492883,101,92,2,16,76,0.471882,0.4389677668725218,0.029403384904318017,0.14794828897338402,0.011948,-1.6139425754950458,0.5296293902912621,0.2403295932855008
256,4,-0.694528,101,91,2,16,75,0.470971,0.43792118360142396,0.029403384904318017,0.16087139794975738,0.012191,-1.6311173253494153,0.5280166990291262,0.24166600008161732
257,4,0.587727,101,92,2,16,76,0.471882,0.4389677668725218,0.029403384904318017,0.14794828897338402,0.011948,-1.6166787227072514,0.5248954252427184,0.24426929781624512
258,4,-0.552901,101,92,2,16,76,0.470971,0.43792118360142396,0.029403384904318017,0.16087139794975738,0.012191,-1.630351206505217,0.5280534126213592,0.24164767063177914
259,4,-0.442555,101,92,2,16,76,0.470086,0.4368881472253357,0.027573371220494157,0.16087139794975738,0.012447,-1.6412233871432202,0.5263899621359223,0.24333690008161735
260,4,-0.701868,101,91,2,15,76,0.469476,0.4361804078139407,0.02736938392354022,0.16052516896134855,0.012355,-1.6525545144937563,0.5259636330097087,0.24146734377093768
261,4,-0.376646,101,91,2,15,76,0.468875,0.4354671157996328,0.023820406780286477,0.16052516896134855,0.012267,-1.6585482201699615,0.5261341766990292,0.24043419797805743
262,4,0.341549,101,91,2,15,76,0.469477,0.43618100698902795,0.02736938392354022,0.16052516896134855,0.012354,-1.653193740579602,0.5232407669902911,0.2434488709554037
263,4,-0.341549,101,91,2,15,76,0.468875,0.4354671157996328,0.023820406780286477,0.16052516896134855,0.012267,-1.6586291486489257,0.5262999776699029,0.24041139749262055
264,4,-0.100993,101,91,2,15,76,0.468355,0.43487809397492433,0.023218028471302353,0.16052516896134855,0.012057,-1.660212419539745,0.5270843757281554,0.24042491237935193
265,4,-0.692762,101,91,2,15,76,0.467779,0.4341701990487475,0.023218028471302353,0.15864133285550405,0.011965,-1.6709439951103464,0.526501067961165,0.24048938179682766
266,4,-0.682014,101,91,2,15,76,0.467216,0.4334621205667814,0.01977548165748474,0.15864133285550405,0.011872,-1.6813515162864663,0.5261593941747573,0.2410246868130089
267,4,-0.522724,101,91,2,15,76,0.466663,0.4327513225905719,0.01697606022112284,0.15864133285550405,0.011782,-1.6892074356528437,0.5262053165048544,0.24180387503473735
268,4,-0.380667,101,91,2,15,76,0.466122,0.4320380992283854,0.017438399289649468,0.15864133285550405,0.011695,-1.6948393720989345,0.5260633213592233,0.24270171128069204
269,4,-0.552684,101,91,2,15,76,0.465594,0.43132781275882637,0.017438399289649468,0.15864133285550405,0.011605,-1.7028857020171766,0.5261528165048543,0.24401830383732634
270,4,-0.583966,101,79,9,10,69,0.465129,0.43068666264680255,0.017335339456625964,0.15829345739834952,0.011605,-1.7109574040398305,0.5268772669902912,0.24446475383732633
271,4,0.669103,102,91,3,16,75,0.46584,0.4313246698661204,0.017562115677927863,0.15829345739834952,0.011767,-1.746425532738397,0.5229526543689319,0.2403435273001095
272,1,-0.463739,101,79,9,10,69,0.465435,0.43075384539404,0.01720313439307266,0.15829345739834952,0.011839,-1.7325003777222159,0.5204579524271844,0.24340452487292505
273,6,0.869965,102,91,3,16,75,0.46623,0.43147042493100796,0.01720313439307266,0.15829345739834952,0.012082,-1.7550329917709906,0.5206336553398058,0.241089474872925
274,2,0.588006,101,79,9,10,69,0.466684,0.4321115750430318,0.017562115677927863,0.15829345739834952,0.012082,-1.7650749866739033,0.5224721359223301,0.23812424526127454
275,6,0.639363,102,91,3,16,75,0.46748,0.43281313544602695,0.015509902715694112,0.15829345739834952,0.012309,-1.7819027612809306,0.5225453961165049,0.2367817021450318
276,2,-1.0,102,91,3,16,75,0.466671,0.432096555909059,0.017562115677927863,0.15829345739834952,0.012066,-1.8404205802014113,0.5226874165048544,0.23581082835862402
277,2,-0.600894,102,91,3,16,75,0.465877,0.4313799763720912,0.017562115677927863,0.15829345739834952,0.011824,-1.8753318353851842,0.5230909417475728,0.23483995457221624
278,2,-0.68325,102,91,3,16,75,0.465098,0.4306633968351232,0.017335339456625964,0.15829345739834952,0.011581,-1.9147415884307226,0.5238149145631066,0.23386908078580848
279,2,-0.443164,102,91,3,16,75,0.464346,0.42995626051799796,0.017335339456625964,0.15829345739834952,0.011329,-1.9401175442444074,0.5250512330097086,0.23321738564708222
280,2,0.505346,102,85,2,9,76,0.464745,0.43027369268130394,0.017106225946192825,0.15649801873109895,0.011491,-1.9197113475962337,0.5231084048543687,0.2369510264237812
281,6,-0.636708,101,85,6,13,72,0.464075,0.4294691121485681,0.016731513624517802,0.15649801873109895,0.011652,-1.9470233836803763,0.5237530621359223,0.23598015263737349
282,4,0.757665,102,85,2,9,76,0.464483,0.429786544311874,0.014434976273373212,0.15649801873109895,0.011814,-1.973488862298037,0.5197508776699027,0.23236676186067443
283,6,-0.560829,101,85,6,13,72,0.463828,0.4289819637791382,0.014813481222014677,0.15649801873109895,0.011976,-1.9971830216831499,0.5198129058252426,0.23139588807426664
284,4,0.703794,102,85,2,9,76,0.464245,0.42929939594244415,0.014813481222014677,0.15649801873109895,0.012138,-2.0222222778666916,0.5157951679611649,0.22918786930404011
285,6,-0.935117,101,85,6,13,72,0.463603,0.4284948154097083,0.016204303970506012,0.15649801873109895,0.0123,-2.0611242574783417,0.5161353718446601,0.22821699551763236
286,6,0.666584,102,85,2,9,76,0.464029,0.42881224757301417,0.01476860967256241,0.15271474454083678,0.012461,-2.075960330906451,0.5167655524271842,0.2269796565208686
287,6,0.4935,101,85,6,13,72,0.46467,0.4296168281057501,0.013377782343448136,0.15271474454083678,0.0123,-2.0556896860844445,0.5163437019417474,0.23086315166649965
288,4,0.419389,102,85,2,9,76,0.465104,0.42993426026905596,0.013377782343448136,0.15271474454083678,0.012461,-2.0708819663895763,0.5125349980582523,0.2298922778800919
289,4,0.552684,101,85,6,13,72,0.465647,0.4306703237809354,0.013000668993793619,0.15271474454083678,0.012367,-2.0581562427649804,0.5076085203883495,0.2328922227020984
290,4,0.48913,102,86,6,14,72,0.466081,0.43107261404730324,0.012975936190179862,0.15260085907922208,0.012287,-2.082575144272777,0.5055683776699027,0.2295643269283499
291,4,-0.302225,102,86,6,14,72,0.465647,0.4306703237809354,0.012975936190179862,0.15260085907922208,0.012367,-2.067413749939885,0.5078733514563106,0.2337437953308212
292,4,0.599006,102,86,6,14,72,0.466081,0.43107261404730324,0.012975936190179862,0.15260085907922208,0.012287,-2.0973180148678052,0.5060183582524269,0.22937486329198625
293,4,0.37915,102,86,6,14,72,0.466442,0.4314153941435248,0.012975936190179862,0.15260085907922208,0.012265,-2.116338387039767,0.5039974029126211,0.22757603921720118
294,4,-0.312334,102,86,6,14,72,0.465997,0.43101310387715686,0.012975936190179862,0.15260085907922208,0.012345,-2.1005940564189967,0.5062398427184464,0.23176540744315002
295,4,0.643901,102,86,6,14,72,0.466442,0.4314153941435248,0.012975936190179862,0.15260085907922208,0.012265,-2.1328959383224975,0.5047241271844657,0.22757603921720118
296,4,0.455493,102,86,6,14,72,0.466784,0.4317359691995368,0.012975936190179862,0.15260085907922208,0.012265,-2.1558567176686285,0.5032287058252426,0.22696847975118178
297,4,0.616953,102,86,6,14,72,0.467105,0.4320195702498294,0.012348736031219745,0.15260085907922208,0.012301,-2.1871061951362663,0.5017640757281553,0.2264830428579779
298,4,0.637517,102,86,6,14,72,0.467397,0.4322584300954854,0.014313828147148737,0.15260085907922208,0.012382,-2.2195519863689817,0.500022054368932,0.225997605964774
299,4,-0.400747,102,86,6,14,72,0.46692,0.4318561398291174,0.012348736031219745,0.15260085907922208,0.012463,-2.19905909525689,0.5024960067961164,0.2302735579506522
300,4,-0.180213,102,84,5,11,73,0.466294,0.43122157785098114,0.014118891277148087,0.1522141248753935,0.012262,-2.1955404933265643,0.5055178194174755,0.23256057716522802
301,3,0.626582,101,90,4,16,74,0.466968,0.432026158383717,0.014118891277148087,0.1522141248753935,0.0121,-2.2217321543760327,0.5050048543689317,0.23016291567655486
302,3,0.584688,101,90,4,16,74,0.467637,0.4328109952115722,0.014118891277148087,0.1522141248753935,0.011958,-2.2462672198406652,0.5051651378640775,0.22776328072509858
303,3,-0.279934,101,90,4,16,74,0.466993,0.4320527100493106,0.014118891277148087,0.1522141248753935,0.012134,-2.2344751405641974,0.5050886417475725,0.23250676842736395
304,2,0.449705,101,90,4,16,74,0.467386,0.4324951731983816,0.014118891277148087,0.1522141248753935,0.011889,-2.2491187179451497,0.5039155999999998,0.22863205337882025
305,2,0.510726,101,90,4,16,74,0.467776,0.43292091133438343,0.014118891277148087,0.1522141248753935,0.011644,-2.2657593379636425,0.5031017097087378,0.22761548541765517
306,2,-0.346444,101,90,4,16,74,0.467297,0.43237157353964306,0.014118891277148087,0.1522141248753935,0.011807,-2.254467472857309,0.5040459961165047,0.23145238768302737
307,3,0.507434,101,90,4,16,74,0.467974,0.4331595488165229,0.014118891277148087,0.1522141248753935,0.011662,-2.27576075585546,0.5037566553398058,0.22664476745649015
308,3,0.4343,101,90,4,16,74,0.468569,0.4338524397697179,0.014855360906814712,0.1522141248753935,0.01155,-2.2940554052313264,0.5040731213592231,0.22491688833027654
309,3,-0.814067,101,90,4,16,74,0.467865,0.43304785923698197,0.014118891277148087,0.1522141248753935,0.011712,-2.2596315057629957,0.5041523514563107,0.229732899980762
310,2,-0.652104,101,89,3,14,75,0.467148,0.4323218510218961,0.014341428254510449,0.15153224555416103,0.011955,-2.2364331038455196,0.5067922145631066,0.2345872689128008
311,1,0.469773,101,89,3,14,75,0.467705,0.4328941822231983,0.014008903555529377,0.15153224555416103,0.011719,-2.2599148728422835,0.5067554611650485,0.229732899980762
312,1,-0.399562,101,89,3,14,75,0.467079,0.43225286685740405,0.014341428254510449,0.15153224555416103,0.012049,-2.239806835447461,0.5067262796116503,0.23506750256975872
313,1,-0.58362,101,89,3,14,75,0.466433,0.43158023166886816,0.014341428254510449,0.15153224555416103,0.012347,-2.2109176566691437,0.5069572621359221,0.24040730839500146
314,1,-0.533271,101,89,3,14,75,0.465804,0.4309146712068265,0.017900913738236334,0.15153224555416103,0.012651,-2.184960843756523,0.5073118427184464,0.24574711422024417
315,1,-0.669822,101,89,3,14,75,0.465176,0.43023831404302315,0.017546519339030432,0.15153224555416103,0.012945,-2.1529102095089505,0.508104881553398,0.2507090239289821
316,1,-0.643545,101,89,3,14,75,0.464559,0.42956309149279165,0.017765181169832892,0.15153224555416103,0.01324,-2.122648017510568,0.5091020766990291,0.25556339286102087
317,1,-0.623245,101,89,3,14,75,0.463954,0.42066048527768446,0.017765181169832892,0.15153224555416103,0.013536,-2.093854746321248,0.5100678145631067,0.26033663638852894
318,1,-0.6983,101,89,3,14,75,0.463357,0.42014726714846307,0.017765181169832892,0.15153224555416103,0.013829,-2.0621702690639663,0.5111244766990289,0.2647055684273639
319,1,-0.680159,101,89,3,14,75,0.462772,0.41963480229544936,0.017765181169832892,0.15153224555416103,0.014122,-2.031870222453934,0.5121536864077669,0.26907450046619885
320,1,-0.404243,101,84,4,10,74,0.462491,0.4192323121182097,0.017620774243638126,0.14958382438599643,0.014365,-2.017095863004096,0.5113194572815533,0.272728942796296
321,3,0.661189,101,84,4,10,74,0.462772,0.41963480229544936,0.017620774243638126,0.14958382438599643,0.014122,-2.03542434586376,0.5115582165048543,0.2693308845438688
322,3,0.537081,101,84,4,10,74,0.462998,0.4199555607508741,0.01865662987910132,0.14958382438599643,0.01396,-2.0503125049840896,0.5117364980582523,0.2665112432376022
323,3,0.493111,101,84,4,10,74,0.463233,0.4202763192062987,0.01865662987910132,0.14958382438599643,0.013799,-2.0639817887793237,0.5112963048543688,0.26505493255799056
324,3,-0.75633,101,84,4,10,74,0.462934,0.41987382902905906,0.01865662987910132,0.14958382438599643,0.014041,-2.043015950803448,0.5114387747572814,0.2684529908104178
325,2,0.31665,101,84,4,10,74,0.463154,0.4201835060418698,0.01865662987910132,0.14958382438599643,0.013805,-2.051303876840518,0.5105517893203882,0.2657057478977964
326,2,-0.442044,101,84,4,10,74,0.462885,0.41982062831613204,0.01865662987910132,0.14958382438599643,0.014009,-2.03973391764958,0.5118486883495144,0.2685797345968255
327,3,-0.655232,101,84,4,10,74,0.462597,0.4194181381388924,0.017620774243638126,0.14958382438599643,0.014252,-2.0215705777525512,0.5121018902912621,0.2719777928492527
328,2,-0.321805,101,84,4,10,74,0.462354,0.4190667170728736,0.013264380330248592,0.14958382438599643,0.014444,-2.013147711694887,0.513282090291262,0.2747302468298352
329,3,0.354359,101,84,4,10,74,0.462632,0.4194692072501132,0.017620774243638126,0.14958382438599643,0.014201,-2.022970725192975,0.513232263106796,0.2713622479948838
330,4,-0.359919,102,90,2,14,76,0.462226,0.4190388089492196,0.017627265353858567,0.1496179849690996,0.014181,-2.0063418088930822,0.5171495825242717,0.2749858612634922
331,6,-0.678896,101,87,2,11,76,0.461669,0.4183972920383703,0.015056535287696652,0.1496179849690996,0.014505,-2.029832618294377,0.5166613572815533,0.27061692922465724
332,6,-0.46229,101,87,2,11,76,0.461125,0.41775577512752093,0.015056535287696652,0.1579127361851293,0.014828,-2.0457686993785194,0.5151051582524272,0.26636305471009414
333,6,-0.390357,101,87,2,11,76,0.460595,0.4171142582166716,0.015056535287696652,0.1579127361851293,0.015152,-2.0591745672102344,0.5137387640776697,0.2636231226712592
334,6,0.62725,101,87,2,11,76,0.461125,0.41775577512752093,0.015056535287696652,0.1579127361851293,0.014828,-2.0377143756082927,0.5134034805825243,0.26847749160329804
335,4,-0.550001,101,87,2,11,76,0.460595,0.4171142582166716,0.015056535287696652,0.1579127361851293,0.015152,-2.0571108938607203,0.5173109640776696,0.2648854741275699
336,4,-0.552184,101,87,2,11,76,0.46008,0.41647274130582224,0.011013515103889404,0.1579127361851293,0.015475,-2.0765129027765776,0.5213179427184464,0.26323443456446305
337,4,0.579022,101,87,2,11,76,0.460595,0.4171142582166716,0.015056535287696652,0.1579127361851293,0.015152,-2.056242833682726,0.5153419825242717,0.2668366865062106
338,6,-0.498935,101,87,2,11,76,0.46008,0.41647274130582224,0.011013515103889404,0.1579127361851293,0.015475,-2.0733775519998785,0.5150389728155339,0.2620680161178611
339,6,-0.507088,101,87,2,11,76,0.459578,0.41583122439497294,0.011013515103889404,0.1579127361851293,0.015799,-2.0907266114335354,0.5135097980582521,0.2592345615062106
340,6,-0.526214,101,88,2,12,76,0.459218,0.4153470024959184,0.010999311229190007,0.1546128899174059,0.016123,-2.111044839368222,0.5131127563106794,0.25729281393339515
341,6,-0.666584,101,88,2,12,76,0.458869,0.4148627805968639,0.014304607085334937,0.1546128899174059,0.016446,-2.1367830329104405,0.5127704932038835,0.25583650325378343
342,6,-0.743774,101,88,2,12,76,0.458532,0.4143785586978094,0.013538911561882321,0.1546128899174059,0.01677,-2.165501673084021,0.5121165038834951,0.25486562946737573
343,6,-0.690541,101,88,2,12,76,0.458206,0.41389433679875476,0.018597638114358696,0.1546128899174059,0.017094,-2.192164905559259,0.5117635427184465,0.2538947556809679
344,6,0.698676,101,88,2,12,76,0.458532,0.4143785586978094,0.013538911561882321,0.1546128899174059,0.01677,-2.1651875818758226,0.5108272048543687,0.2592345615062106
345,3,-0.319248,101,88,2,12,76,0.458199,0.41388719346749947,0.018597638114358696,0.1546128899174059,0.017086,-2.1507919316061352,0.5117703708737864,0.2645606975364156
346,6,-0.783931,101,88,2,12,76,0.457885,0.41340297156844485,0.018597638114358696,0.1546128899174059,0.017409,-2.181061148003115,0.5125770747572814,0.25922089171117285
347,6,-0.401586,101,88,2,12,76,0.457582,0.41291874966939024,0.018597638114358696,0.1546128899174059,0.017733,-2.1965672111197176,0.5127720708737863,0.25394911900351375
348,6,-0.605865,101,88,2,12,76,0.457291,0.4124345277703357,0.016968647594230238,0.1546128899174059,0.018057,-2.2199609109530023,0.5131371747572814,0.25301056625270474
349,6,-0.606996,101,88,2,12,76,0.457011,0.41195030587128123,0.016968647594230238,0.14817500972548295,0.01838,-2.243398276565437,0.5139057941747572,0.25252512935950083
350,6,-0.676847,101,90,3,15,75,0.456345,0.4113843522504117,0.016494852968003546,0.14782003327729187,0.018785,-2.279256927576764,0.5165364582524272,0.24815619732066585
351,2,-0.677466,101,90,3,15,75,0.455566,0.4106672720495825,0.016494852968003546,0.15113804869863492,0.019028,-2.2496501110314564,0.5176315844660193,0.25252512935950083
352,1,0.361184,101,90,3,15,75,0.45625,0.4112752465693104,0.016494852968003546,0.14782003327729187,0.018893,-2.264899516088091,0.5172850097087379,0.24838303567018044
353,1,-0.477965,101,90,3,15,75,0.455574,0.4106761228687953,0.016494852968003546,0.15113804869863492,0.019019,-2.2443328400767637,0.5161391194174756,0.25317151884170147
354,2,0.587811,101,90,3,15,75,0.456353,0.4113932030696245,0.016494852968003546,0.14782003327729187,0.018776,-2.2695459882563758,0.5149898417475729,0.2492880236960704
355,2,0.28717,101,90,3,15,75,0.457144,0.412107897046805,0.016908342221929003,0.14782003327729187,0.018536,-2.2820959696884144,0.5157540135922329,0.2473597947316691
356,2,-0.438628,101,90,3,15,75,0.45635,0.4113908168459757,0.016494852968003546,0.14782003327729187,0.018778,-2.2625730675039484,0.5178683572815534,0.2513890497478503
357,1,0.424926,101,90,3,15,75,0.457043,0.4119939603004438,0.016908342221929003,0.14782003327729187,0.018649,-2.280513710950551,0.5188551883495146,0.2467158808158115
358,1,-0.63831,101,90,3,15,75,0.456365,0.41140698901691325,0.016494852968003546,0.14782003327729187,0.018762,-2.2530474539926217,0.5179598932038836,0.25155461139833574
359,1,-0.428911,101,90,3,15,75,0.455687,0.41080414754934547,0.016494852968003546,0.15113804869863492,0.018892,-2.2349385625282205,0.516955417475728,0.25623063291937137
360,1,-0.480145,101,84,2,8,76,0.455229,0.410326094082126,0.01652630003955818,0.14953547488950739,0.019054,-2.229541319900977,0.5168655106796115,0.25817238049218694
361,3,0.597208,101,84,2,8,76,0.455687,0.41080414754934547,0.01652630003955818,0.14953547488950739,0.018892,-2.238112221363172,0.5153644766990291,0.2567160698125752
362,3,0.522722,101,84,2,8,76,0.456153,0.41128220101656493,0.01652630003955818,0.15592334494773522,0.01873,-2.2456141284005358,0.5137955582524272,0.2572015067057791
363,3,0.358196,101,84,2,8,76,0.456627,0.41176025448378445,0.01652630003955818,0.15262384831085593,0.018568,-2.250754818780059,0.5127876165048543,0.25768694359898303
364,3,-0.205586,101,84,2,8,76,0.456153,0.41128220101656493,0.01652630003955818,0.15592334494773522,0.01873,-2.247804322148697,0.5135557563106797,0.2592060838902452
365,3,-0.370222,101,84,2,8,76,0.455687,0.41080414754934547,0.01652630003955818,0.14953547488950739,0.018892,-2.24249103235464,0.5147119699029126,0.26066239456985685
366,3,-0.549517,101,84,2,8,76,0.455229,0.410326094082126,0.01652630003955818,0.14953547488950739,0.019054,-2.234604566870674,0.515928731067961,0.26211870524946845
367,3,0.595487,101,84,2,8,76,0.455687,0.41080414754934547,0.01652630003955818,0.14953547488950739,0.018892,-2.2431507762028304,0.5148514932038833,0.26066239456985685
368,3,0.375894,101,84,2,8,76,0.456153,0.41128220101656493,0.01652630003955818,0.15592334494773522,0.01873,-2.2485454622016534,0.5137687669902913,0.2592060838902452
369,3,-0.350259,101,84,2,8,76,0.455687,0.41080414754934547,0.01652630003955818,0.14953547488950739,0.018892,-2.243518677797417,0.5148888097087377,0.26066239456985685
370,3,-0.746486,101,81,3,6,75,0.4554,0.41048955752575594,0.016585560208428295,0.15114639999956267,0.018892,-2.228797136180539,0.5154346097087377,0.26260414214267236
371,1,-0.481307,101,81,3,6,75,0.455119,0.41017496750216637,0.016609929946834245,0.15114639999956267,0.018892,-2.223050949340235,0.5147139067961164,0.2643171716329636
372,6,-0.392624,101,81,3,6,75,0.454843,0.40986037747857673,0.016609929946834245,0.15114639999956267,0.018892,-2.2295808819547487,0.5164132155339803,0.26212569485302833
373,2,-0.104482,101,81,3,6,75,0.454573,0.4095457874549872,0.01840332748819826,0.15114639999956267,0.018892,-2.2285094169124284,0.5152089650485435,0.2631484870051319
374,2,-0.606271,102,91,4,17,74,0.453871,0.4088472125496632,0.01868198011133734,0.16102993468003376,0.018649,-2.261931471903952,0.5173739699029125,0.2602358656459086
375,2,-0.398699,102,91,4,17,74,0.453185,0.40814863764433934,0.019053270936945175,0.16102993468003376,0.018407,-2.283661796553359,0.5194231126213591,0.2574594996264911
376,2,-0.181914,102,91,4,17,74,0.452513,0.40745006273901546,0.015469580940006384,0.16102993468003376,0.018164,-2.293463123437317,0.519490122330097,0.2557488140551902
377,2,-0.597175,102,91,4,17,74,0.451858,0.4067514878336915,0.015469580940006384,0.16102993468003376,0.017921,-2.325265586140352,0.5206530388349513,0.2539030110243357
378,2,-0.435308,102,91,4,17,74,0.451217,0.4060529129283676,0.01690234771544835,0.16102993468003376,0.017679,-2.3481761611919785,0.5211495291262135,0.2529236185173773
379,2,0.360837,102,91,4,17,74,0.451858,0.4067514878336915,0.015469580940006384,0.16102993468003376,0.017921,-2.329410293979773,0.5203441912621357,0.25730871851737736
380,3,-0.575025,102,79,7,8,71,0.451537,0.406524797963752,0.015561936903598863,0.16101109541216535,0.017679,-2.3426442309496247,0.5238717087378639,0.2563216767698045
381,6,0.661397,102,79,7,8,71,0.451453,0.40646057475736924,0.015561936903598863,0.16101109541216535,0.017947,-2.351822258875021,0.52395413592233,0.25595971803194045
382,6,0.578301,102,79,7,8,71,0.451384,0.40640287049641677,0.015561936903598863,0.16101109541216535,0.018222,-2.3598471871581075,0.524327118446602,0.25583942377676777
383,6,0.481772,102,79,7,8,71,0.451332,0.4063527388048619,0.018001714448995145,0.16101109541216535,0.018505,-2.3665326046849344,0.5250193747572814,0.2560787956654886
384,6,0.570672,102,79,7,8,71,0.451276,0.4062956330044736,0.018001714448995145,0.16101109541216535,0.01878,-2.374451662809615,0.5254194592233008,0.25660418450044
385,6,0.553916,102,79,7,8,71,0.451229,0.40623984174717975,0.017410872912471894,0.17937957466115576,0.019058,-2.382138199242931,0.5258790631067961,0.25711414663636234
386,6,-0.552694,102,79,7,8,71,0.451276,0.4062955371593742,0.018001714448995145,0.16101109541216535,0.01878,-2.3744686160032784,0.5254151174757281,0.259032493723741
387,6,0.499734,102,79,7,8,71,0.451235,0.4062439964238766,0.017410872912471894,0.17937957466115576,0.019062,-2.3814032813328647,0.5260607883495145,0.25706538935480894
388,6,0.469542,102,79,7,8,71,0.451203,0.40619482425871584,0.01641754712141536,0.17937957466115576,0.019346,-2.3879189919358286,0.5254648699029125,0.25749767284995456
389,6,0.782162,102,79,7,8,71,0.451145,0.40612112717426113,0.016472179610960556,0.17937957466115576,0.019604,-2.398772838793263,0.5248647388349515,0.2582177699373332
390,6,0.547402,102,86,2,10,76,0.451407,0.4063997911668023,0.016391317217080186,0.1790158729072501,0.020239,-2.4136742809523017,0.5251883330097086,0.25595701149683925
391,6,0.180879,100,85,4,11,74,0.452028,0.40704929580175125,0.013581806696146555,0.1790158729072501,0.020064,-2.4126418083278303,0.5250061475728155,0.25627921687709815
392,2,0.523638,101,80,2,4,76,0.452249,0.4072883225353609,0.013581806696146555,0.1790158729072501,0.019983,-2.415754056273392,0.5241077067961165,0.25579377998389424
393,6,-0.547948,100,85,4,11,74,0.451641,0.4066529740563467,0.016391317217080186,0.1790158729072501,0.020144,-2.4188685004583146,0.5269692611650485,0.25581728927254244
394,2,-0.428594,101,80,2,4,76,0.451419,0.406413947322737,0.016391317217080186,0.1790158729072501,0.020225,-2.4163211457946527,0.5280953572815534,0.25630272616574634
395,6,-0.320118,100,85,4,11,74,0.450824,0.4057785988437227,0.01563280334509513,0.1790158729072501,0.020387,-2.418153792433936,0.5298447718446601,0.25633439117694873
396,3,-0.376394,101,80,2,4,76,0.450607,0.405539572110113,0.014148649372736796,0.1790158729072501,0.020468,-2.4151278787896917,0.5307257165048545,0.25681982807015263
397,6,0.366908,100,85,4,11,74,0.451202,0.40617492058912724,0.014910183727827951,0.1790158729072501,0.020306,-2.4130122948881483,0.5288934058252427,0.2567629838487187
398,2,0.386449,101,80,2,4,76,0.451419,0.406413947322737,0.016391317217080186,0.1790158729072501,0.020225,-2.4153091582073234,0.5277618757281555,0.25627754695551486
399,6,-0.720277,100,85,4,11,74,0.450824,0.4057785988437227,0.01563280334509513,0.1790158729072501,0.020387,-2.419432677900502,0.5310360262135921,0.25634879422026463
400,2,0.220172,101,87,2,11,76,0.451336,0.4063383840327572,0.015509180483437551,0.17902559324322942,0.020144,-2.428816958177054,0.530745195145631,0.25290786840644397
401,6,0.789556,100,85,2,9,76,0.451761,0.4068293485677444,0.015509180483437551,0.17902559324322942,0.019814,-2.4149377599422794,0.5273072067961164,0.25557692932877407
402,6,-0.414172,100,85,2,9,76,0.451338,0.4063415898137311,0.015509180483437551,0.17902559324322942,0.020141,-2.4222182867075044,0.5299758456310679,0.2533506651849083
403,6,0.113435,100,85,2,9,76,0.451672,0.40672867600252377,0.015509180483437551,0.17902559324322942,0.019914,-2.420224273578643,0.5300136990291262,0.2549855147215367
404,6,0.519166,100,85,2,9,76,0.452103,0.4072173314422421,0.015509180483437551,0.17902559324322942,0.019586,-2.4110981136492518,0.5268910504854368,0.25735140894042463
405,6,0.195212,100,85,2,9,76,0.452505,0.4076650661499778,0.015509180483437551,0.17902559324322942,0.019298,-2.4076665817428085,0.5257959796116505,0.2593486009307158
406,6,0.26377,100,85,2,9,76,0.452929,0.4081286908328736,0.015509180483437551,0.17902559324322942,0.018995,-2.403029898931688,0.5210699339805825,0.2615357499598421
407,6,0.414172,100,85,2,9,76,0.453383,0.40861644958688703,0.012463730927496653,0.17902559324322942,0.018668,-2.3957493721664624,0.5165552184466019,0.2640654557850848
408,6,-0.52969,100,85,2,9,76,0.452928,0.4081277042518352,0.015509180483437551,0.17902559324322942,0.018996,-2.4050605260940885,0.5202499067961166,0.2618640787992066
409,6,-0.34553,100,85,2,9,76,0.452487,0.4076451300539302,0.015509180483437551,0.17902559324322942,0.019318,-2.4111344306836733,0.522860267961165,0.25970354605428164
410,6,0.401929,100,88,4,14,74,0.453293,0.4085104796646675,0.01934080445918055,0.18155121587584855,0.01924,-2.4061238650258447,0.5198865864077671,0.2616032006468319
411,2,0.315285,101,81,5,8,73,0.453871,0.40907026485370196,0.01972211456115981,0.17654702329111235,0.018997,-2.4149961455390208,0.5200216766990291,0.2591480701336557
412,2,0.597175,101,81,5,8,73,0.454459,0.40963005004273645,0.02003088892402773,0.17654702329111235,0.018754,-2.4318630929592704,0.5201032145631068,0.25740977151483924
413,2,0.278485,101,81,5,8,73,0.455056,0.4101898352317708,0.02003088892402773,0.17654702329111235,0.018512,-2.439757753430838,0.5202113582524271,0.255899559933702
414,2,-0.395227,101,81,5,8,73,0.454459,0.40963005004273645,0.02003088892402773,0.17654702329111235,0.018754,-2.428512507795147,0.5204944223300971,0.2589294380196937
415,3,0.650563,101,81,5,8,73,0.455056,0.4101898352317708,0.02003088892402773,0.17654702329111235,0.018512,-2.4369760350628304,0.5208024961165048,0.25713953365076164
416,3,0.203639,101,81,5,8,73,0.455525,0.41063944749621795,0.02003088892402773,0.17654702329111235,0.018338,-2.439646463846927,0.5215308165048543,0.25708471970022995
417,3,-0.254253,101,81,5,8,73,0.45492,0.4100798496185188,0.02003088892402773,0.17654702329111235,0.018581,-2.4363016533522432,0.5208779932038833,0.2588780086969937
418,3,-0.64617,101,81,5,8,73,0.454325,0.4095200644294844,0.02003088892402773,0.17654702329111235,0.018824,-2.4278682210406393,0.520575277669903,0.2606689384704565
419,3,-0.47021,101,81,5,8,73,0.453739,0.40896027924045003,0.0190745741902676,0.18155121587584855,0.019066,-2.4217802300004174,0.5201987097087378,0.26250093798501956
420,3,0.427763,101,90,4,16,74,0.45427,0.4096711910094441,0.018858857791726358,0.18007567496358967,0.018985,-2.440087504078087,0.5199245019417476,0.25720986662579626
421,3,0.773759,101,90,4,16,74,0.454814,0.41038210277843823,0.018858857791726358,0.18007567496358967,0.018905,-2.4733278231881193,0.520048890291262,0.2529844515772526
422,3,-0.455079,101,90,4,16,74,0.45427,0.4096711910094441,0.018858857791726358,0.18007567496358967,0.018985,-2.4537042164567278,0.5198614922330097,0.25830340982967975
423,3,-0.226548,101,90,4,16,74,0.453739,0.40896027924045003,0.018858857791726358,0.18007567496358967,0.019066,-2.4439718003564037,0.5196790621359223,0.26329202463550505
424,3,0.431826,101,90,4,16,74,0.45427,0.4096711910094441,0.018858857791726358,0.18007567496358967,0.018985,-2.4624529928806758,0.5194114737864078,0.2579968047325924
425,3,0.50728,101,90,4,16,74,0.454814,0.41038210277843823,0.018858857791726358,0.18007567496358967,0.018905,-2.484245518576469,0.5195300883495144,0.25287526322773807
426,3,-0.417194,101,90,4,16,74,0.45427,0.4096711910094441,0.018858857791726358,0.18007567496358967,0.018985,-2.466255556650902,0.5193336262135922,0.25815554502385457
427,3,-0.530645,101,90,4,16,74,0.453739,0.40896027924045003,0.018858857791726358,0.18007567496358967,0.019066,-2.4434593051784104,0.5192330893203883,0.26349535084909725
428,3,-0.636408,101,90,4,16,74,0.453221,0.40824936747145585,0.018376173939156158,0.18007567496358967,0.019147,-2.416222486602359,0.5196201436893205,0.26883515667433994
429,3,0.534366,101,90,4,16,74,0.453739,0.40896027924045003,0.018858857791726358,0.18007567496358967,0.019066,-2.439005670421129,0.5188435446601941,0.26349535084909725
430,3,0.279934,101,88,4,14,74,0.454204,0.4095956277194642,0.018928979682811684,0.180101985095179,0.018905,-2.4496377212301907,0.5185985689320388,0.25883682851900014
431,3,-0.72779,101,88,4,14,74,0.453739,0.40896027924045003,0.018928979682811684,0.180101985095179,0.019066,-2.421995845793297,0.5185104097087377,0.2641766343442429
432,3,-0.839139,101,87,4,14,73,0.453286,0.4083249307614357,0.018446297482416375,0.180101985095179,0.019228,-2.3901248774761448,0.518597004854369,0.26951644016948556
433,3,-0.555092,101,88,4,14,74,0.452845,0.40768958228242147,0.018446297482416375,0.180101985095179,0.01939,-2.3690421824114205,0.5180797067961165,0.27485624599472835
434,3,-0.773759,101,87,4,14,73,0.452415,0.4070542338034073,0.018137554041795966,0.16595290394410203,0.019552,-2.3396543963596406,0.5193902805825242,0.28019605181997104
435,3,-0.784713,101,87,4,14,73,0.451997,0.40641888532439296,0.018137554041795966,0.16595290394410203,0.019714,-2.309850540631485,0.519992227184466,0.28505042075200987
436,3,-0.360986,101,88,4,14,74,0.45159,0.40578353684537877,0.014484668229247794,0.16595290394410203,0.019875,-2.2961400752107735,0.519582767961165,0.2898559976937575
437,3,-0.778063,101,87,4,14,73,0.451195,0.40514818836636446,0.015587419093623418,0.16595290394410203,0.020037,-2.2665887896120673,0.5187800300970874,0.2947103666257963
438,3,-0.420532,101,88,4,14,74,0.450811,0.40451283988735026,0.015977484443314448,0.16595290394410203,0.020199,-2.2506167389486373,0.5171254106796116,0.29956473555783514
439,3,-0.701608,101,87,4,14,73,0.450439,0.40387749140833606,0.012538822215347273,0.16595290394410203,0.020361,-2.2239692793693493,0.5152022961165048,0.30441910448987397
440,3,-0.620679,101,82,7,11,71,0.450053,0.40339326950928145,0.012584049008768108,0.1675763409160297,0.020684,-2.211857692476145,0.5140523446601941,0.3062750421921393
441,6,-0.546479,101,82,7,11,71,0.449642,0.40287057364746054,0.011388864954619283,0.1675763409160297,0.020967,-2.228641668002035,0.5191844009708738,0.3039471150076733
442,6,-0.777412,101,82,7,11,71,0.449243,0.4023450390004802,0.011212525101168373,0.1623042680924105,0.021246,-2.2523295692156275,0.5251628339805825,0.3020053674348578
443,6,-0.610002,101,82,7,11,71,0.448851,0.4018178708458613,0.011212525101168373,0.1623042680924105,0.021524,-2.270768407039252,0.5310802786407767,0.3006394417067024
444,6,-0.640723,101,82,7,11,71,0.448468,0.40128853982406293,0.011212525101168373,0.1623042680924105,0.021799,-2.2899803440740416,0.5363508679611648,0.30022449461932377
445,6,0.678384,101,82,7,11,71,0.44885,0.4018184373586108,0.011212525101168373,0.1623042680924105,0.021525,-2.2698038225327792,0.5301288854368931,0.30309101646398395
446,3,-0.607657,101,82,7,11,71,0.448507,0.4013342154595563,0.011212525101168373,0.1623042680924105,0.021848,-2.258093832059479,0.5274247058252427,0.3050327640367995
447,6,-0.67162,101,82,7,11,71,0.448136,0.40080401995111475,0.011212525101168373,0.14981447653067045,0.022123,-2.2782322104575368,0.5330170446601941,0.30265605918243055
448,6,-0.621287,101,82,7,11,71,0.447775,0.4002760574208248,0.011977226168579307,0.14981447653067045,0.022399,-2.2967105561897374,0.5381351213592231,0.30031195141544026
449,6,-0.503254,101,82,7,11,71,0.447425,0.39975640471851837,0.011977226168579307,0.14981447653067045,0.022685,-2.31155622194621,0.5425907233009709,0.29988040125362797
450,6,-0.310749,101,82,3,7,75,0.44737,0.3995750181953787,0.01454594366088929,0.1514953695772824,0.022659,-2.31466055833075,0.5447513922330096,0.29924036678760857
451,6,0.572988,101,82,3,7,75,0.447426,0.39975786926384294,0.013568921908440402,0.1514953695772824,0.022687,-2.308936498438522,0.5403406893203884,0.3002112405740163
452,2,0.383225,101,82,3,7,75,0.447594,0.3999910233766367,0.015282847261759996,0.1514953695772824,0.022431,-2.317514046273799,0.5399675679611651,0.2974507789235309
453,2,0.41515,101,82,3,7,75,0.447769,0.4002231744318838,0.01530171845892062,0.1514953695772824,0.022174,-2.3268061458859135,0.5394897019417475,0.29568728137278066
454,2,0.561024,101,82,3,7,75,0.447882,0.4003751788458841,0.01530171845892062,0.1638963251734852,0.021832,-2.339363275878481,0.5390093582524271,0.2943979401106448
455,2,-0.462356,101,82,3,7,75,0.447703,0.40014451096444426,0.01530171845892062,0.1514953695772824,0.02209,-2.329014580621362,0.5400447407766988,0.2972272187514215
456,6,0.367456,101,82,3,7,75,0.44777,0.4003302938714742,0.01530171845892062,0.1638963251734852,0.022121,-2.325343749901801,0.5359856669902912,0.2982923168096739
457,2,0.501787,101,82,3,7,75,0.44795,0.4005597227294813,0.01530171845892062,0.1638963251734852,0.021861,-2.336575018164912,0.5349536553398057,0.2961314503048195
458,2,-0.064218,101,82,3,7,75,0.447716,0.40026091779352235,0.01530171845892062,0.1638963251734852,0.022046,-2.3351376620214643,0.5329451980582524,0.2974307695550634
459,6,0.445015,101,82,3,7,75,0.447795,0.40045271368916907,0.014327329408796045,0.1638963251734852,0.022083,-2.330692033011384,0.5282544893203882,0.29883724479778184
460,2,-0.418929,101,81,3,6,75,0.447586,0.4002136869555594,0.0116061758276264,0.16394426956776315,0.022164,-2.3226358785939083,0.5285597572815532,0.30058380984632554
461,6,-0.667519,101,81,3,6,75,0.447542,0.40017859156084445,0.014223028296315283,0.15151967109998635,0.022127,-2.3286554394191508,0.5334116834951456,0.2997977884871022
462,6,-0.50125,101,81,3,6,75,0.447512,0.40015223783449444,0.016686938650784622,0.15151967109998635,0.022098,-2.3331877847589566,0.5377506398058252,0.2989657229531217
463,6,0.43573,101,81,3,6,75,0.447539,0.40017514665414017,0.014223028296315283,0.15151967109998635,0.022123,-2.3292373058754614,0.5335578699029125,0.2998701375162285
464,2,-0.510353,101,81,3,6,75,0.447314,0.39990249050538784,0.013359039472832315,0.15151967109998635,0.022168,-2.319435412768666,0.5344943631067959,0.3015741069337042
465,6,-0.638703,101,81,3,6,75,0.44728,0.3998689101474547,0.014391605756642292,0.15151967109998635,0.022132,-2.3252106186909955,0.5392713262135922,0.3007801054773935
466,6,-0.328836,101,81,3,6,75,0.447267,0.3998516213336319,0.014391605756642292,0.15151967109998635,0.022113,-2.3281919578172094,0.5427692980582522,0.29974029868127705
467,6,-0.384764,101,81,3,6,75,0.447257,0.39983139199219286,0.014391605756642292,0.15151967109998635,0.022092,-2.331689703933714,0.5461988349514562,0.29877133169098574
468,6,0.450214,101,81,3,6,75,0.447269,0.3998550623403051,0.014391605756642292,0.15151967109998635,0.022117,-2.3275860547104132,0.5419635126213591,0.29965740086574305
469,2,-0.586029,101,81,3,6,75,0.447019,0.3995404723167155,0.014391605756642292,0.15151967109998635,0.022117,-2.3163449530599274,0.5424318611650485,0.30132611227351
470,6,-0.195212,101,86,6,14,72,0.446571,0.39893928737560264,0.014459805165404625,0.15213728751322983,0.022484,-2.321765975390025,0.5437814689320388,0.2981273250566815
471,6,0.734528,102,83,2,7,76,0.446691,0.39907807709189225,0.014459805165404625,0.15213728751322983,0.022969,-2.3405667954894236,0.5391303077669902,0.29556578909701015
472,6,-0.488175,100,94,2,18,76,0.4459,0.39831844621529516,0.012889574143440689,0.15213728751322983,0.022929,-2.3357826047196593,0.5431201873786407,0.2967721480706578
473,6,-0.486093,100,94,2,18,76,0.445155,0.3975939283823881,0.013517684391246045,0.15213728751322983,0.022854,-2.3310457742272876,0.5455945436893203,0.2975627646966493
474,6,0.55333,100,94,2,18,76,0.445884,0.3982986717195471,0.012889574143440689,0.15213728751322983,0.022935,-2.3364070375467514,0.5417413737864076,0.29674473238042176
475,6,0.443518,100,94,2,18,76,0.446659,0.39903523448031364,0.014459805165404625,0.15213728751322983,0.023011,-2.340727388212493,0.5377437398058251,0.29597018792827195
476,6,0.655686,100,94,2,18,76,0.447448,0.3997676830817206,0.013570350291010115,0.15213728751322983,0.023045,-2.3471530687765245,0.5321637679611648,0.2951815724775092
477,6,-0.435066,100,94,2,18,76,0.446604,0.39896509297334537,0.014459805165404625,0.15213728751322983,0.023032,-2.3428755092157294,0.5365102184466018,0.29589951618069915
478,6,0.651171,100,94,2,18,76,0.447402,0.3997071774329265,0.013570350291010115,0.15213728751322983,0.023076,-2.3492390735083784,0.5314336728155338,0.29524671955101817
479,6,-0.349517,100,94,2,18,76,0.446547,0.39889289761663443,0.014459805165404625,0.15213728751322983,0.02305,-2.3458052470474446,0.5352136524271843,0.29594051373039865
480,6,0.589807,100,90,4,16,74,0.44727,0.399543211827878,0.013337467503041012,0.14242019135508832,0.023324,-2.3418832213859178,0.5294159029126213,0.29553964868185495
481,6,0.649511,102,88,2,12,76,0.447873,0.400165003461007,0.013337467503041012,0.14242019135508832,0.023484,-2.3581101332233767,0.5225536514563106,0.2917902923711754
482,6,0.543538,100,90,4,16,74,0.448538,0.40073761258321,0.013584500745156474,0.14242019135508832,0.023669,-2.3547471240181603,0.5145395640776699,0.29141749884366724
483,6,0.636708,102,88,2,12,76,0.449154,0.4013579388396944,0.014595552804069328,0.14242019135508832,0.023828,-2.3711139897140425,0.5068241126213592,0.2880194405912401
484,2,-0.398708,100,90,4,16,74,0.448457,0.40075536108601306,0.014347854883976255,0.14242019135508832,0.02349,-2.375758179275245,0.5075859524271844,0.28847380379512355
485,2,-0.42707,102,88,2,12,76,0.44771,0.40003703464211043,0.014347854883976255,0.14242019135508832,0.023422,-2.3923496750102466,0.5128010999999999,0.2851185679941527
486,2,0.292872,100,90,4,16,74,0.44841,0.40064339896866047,0.014595552804069328,0.14242019135508832,0.023756,-2.389046285927818,0.5125640601941749,0.2856268306155119
487,2,-0.389666,102,88,2,12,76,0.447678,0.39992866111689995,0.014595552804069328,0.14242019135508832,0.023685,-2.4044207518226752,0.5138573650485437,0.2827339500087158
488,2,-0.027802,100,90,4,16,74,0.447142,0.3994591440297161,0.014347854883976255,0.14242019135508832,0.023556,-2.404728366601849,0.5145944067961165,0.28242633522954197
489,2,-0.53839,102,88,2,12,76,0.446415,0.3987372770813833,0.011846519066938897,0.14242019135508832,0.023492,-2.425638468069362,0.5177937572815534,0.2802675518530345
490,2,-0.402997,100,87,3,12,75,0.445898,0.39803253374422426,0.011731744221160108,0.1419966435153143,0.023411,-2.4327881254000934,0.5208418145631067,0.2792971615617723
491,2,0.191675,101,85,5,12,73,0.446275,0.3984808722309477,0.014222158957844875,0.1419966435153143,0.023049,-2.4385651406104496,0.5215837242718447,0.27738248195012183
492,2,0.43476,102,82,3,7,75,0.446435,0.39858316930016635,0.014222158957844875,0.1419966435153143,0.023327,-2.4258260494454014,0.5194324349514563,0.2800509916588597
493,2,-0.4488,101,85,5,12,73,0.445931,0.39802338411113203,0.011731744221160108,0.1419966435153143,0.023569,-2.4123538221800285,0.5199077165048545,0.2828457678724519
494,2,0.276233,102,82,3,7,75,0.446104,0.39813196630812897,0.011731744221160108,0.1419966435153143,0.023854,-2.404129534399169,0.5189416669902912,0.285560376610316
495,2,-0.48492,101,85,5,12,73,0.445613,0.3975721811190946,0.011768327710476303,0.1419966435153143,0.024097,-2.3896318943506256,0.5187900786407768,0.2886103919015781
496,2,0.504927,101,85,5,12,73,0.446104,0.39813196630812897,0.011731744221160108,0.1419966435153143,0.023854,-2.404727690386224,0.5193083611650484,0.285891630979248
497,2,-0.588006,101,85,5,12,73,0.445613,0.3975721811190946,0.011768327710476303,0.1419966435153143,0.024097,-2.3871480638490077,0.518806736893204,0.2885784943287626
